longitude,latitude,age,rooms,bedrooms,population,households,income,value
-122.26,37.85,52,3503,752,1504,734,3.2705,241800
-122.26,37.84,52,696,191,345,174,2.6736,191300
-122.26,37.85,50,1120,283,697,264,2.125,140000
-122.27,37.84,52,1503,298,690,275,2.6033,162900
-122.26,37.83,52,1443,311,660,292,3.0125,184400
-122.27,37.82,41,3221,853,1959,720,1.1108,97500
-122.28,37.82,52,1238,288,622,259,1.5057,87500
-122.3,37.81,48,828,182,392,133,2.5938,73500
-122.28,37.81,17,924,289,609,289,1.5,162500
-122.27,37.8,10,105,42,125,39,0.9722,137500
-122.26,37.8,36,5329,2477,3469,2323,2.0096,130000
-122.26,37.82,22,3682,1270,2024,1250,1.2185,170000
-122.25,37.81,28,5806,1603,2563,1497,3.2177,273400
-122.26,37.81,34,5871,1914,2689,1789,2.8406,335700
-122.24,37.81,52,2026,482,709,456,3.2727,268500
-122.25,37.82,28,3337,855,1520,802,3.9063,225000
-122.25,37.82,26,3959,1196,1749,1217,3.0233,255000
-122.25,37.83,35,1613,428,675,422,3.4722,243100
-122.21,37.84,34,3038,490,1140,496,7.0548,325900
-122.2,37.84,35,2865,460,1072,443,7.4882,319300
-122.18,37.81,30,292,38,126,52,6.3624,483300
-122.2,37.81,45,2964,436,1067,426,6.7851,323500
-122.22,37.8,52,2183,465,1129,460,3.2632,227700
-122.23,37.81,52,2315,292,861,258,8.8793,410300
-122.23,37.81,52,2814,365,878,352,7.508,348700
-122.24,37.81,52,2093,550,918,483,2.7477,243800
-122.25,37.81,46,3232,835,1373,747,3.225,218800
-122.25,37.8,41,1471,469,1062,413,1.6121,171400
-122.25,37.8,29,2468,864,1335,773,1.3929,193800
-122.25,37.79,50,629,188,742,196,2.6458,125000
-122.25,37.8,36,1678,606,1645,543,2.2303,116700
-122.23,37.79,43,5963,1344,4367,1231,2.1917,112800
-122.23,37.79,30,999,264,1011,263,1.8854,137500
-122.25,37.79,39,461,129,381,123,1.6,112500
-122.25,37.79,52,902,237,846,227,3.625,125000
-122.22,37.77,52,391,128,520,138,1.6471,95000
-122.22,37.79,38,3049,711,2167,659,2.7969,141700
-122.2,37.8,52,1547,293,706,268,4.7721,217100
-122.19,37.8,48,1694,259,610,238,4.744,257300
-122.19,37.79,28,3144,761,1737,669,2.9297,140500
-122.2,37.79,35,1802,459,1009,390,2.3036,126000
-122.21,37.77,46,1234,375,1183,354,2.3309,98700
-122.2,37.78,50,1867,403,1128,378,2.5401,129100
-122.19,37.78,52,1070,193,555,190,3.7262,166900
-122.18,37.81,37,1643,262,620,266,5.4446,336700
-122.17,37.77,30,3326,746,1704,703,2.875,135300
-122.17,37.78,52,653,128,296,121,4.175,144000
-122.18,37.76,50,1187,261,907,246,1.9479,89500
-122.18,37.77,42,1180,257,877,268,2.8125,97300
-122.19,37.76,52,2024,391,1030,350,2.4659,94700
-122.2,37.76,47,1116,259,826,279,1.75,85700
-122.2,37.76,37,2680,736,1925,667,1.4097,84600
-122.19,37.74,36,847,212,567,159,1.1765,87100
-122.19,37.73,45,1528,291,801,287,1.2625,84700
-122.17,37.74,46,769,183,693,178,2.25,84200
-122.17,37.75,41,1257,271,828,230,2.5043,92300
-122.15,37.76,39,1823,286,763,270,6.0749,196900
-122.14,37.76,34,1513,231,545,211,5.5701,252800
-122.15,37.75,40,1445,256,849,255,3.8913,126300
-122.15,37.75,44,1938,399,946,331,3.225,135800
-122.15,37.74,49,1325,277,764,282,3.3125,118000
-122.17,37.75,37,1379,287,835,259,2.4962,91800
-122.29,37.89,52,2248,422,870,377,3.4732,246200
-122.3,37.89,52,1248,283,620,275,4.0875,221300
-122.27,37.9,42,1650,274,645,256,5.6228,375400
-122.27,37.9,52,1803,240,572,236,6.174,358800
-122.28,37.9,52,2318,328,779,312,7.1754,362900
-122.28,37.9,52,2261,328,819,335,4.9083,346800
-122.25,37.89,42,2863,460,1031,448,6.7138,368600
-122.29,37.88,48,2365,490,1034,475,3.1065,229200
-122.29,37.85,52,477,119,218,106,2.5682,120000
-122.3,37.88,46,1647,376,854,355,2.9,144800
-122.28,37.88,52,957,188,403,172,3.2344,245500
-122.28,37.87,49,2026,548,963,521,1.9805,173700
-122.29,37.87,52,895,198,386,204,3.875,182600
-122.28,37.87,46,3022,696,1293,675,2.543,220700
-122.28,37.87,46,1777,446,805,431,2.8676,212000
-122.26,37.87,52,1087,371,3337,350,1.4012,175000
-122.27,37.87,35,3218,1108,1675,1000,1.7464,216700
-122.27,37.87,49,1350,368,707,350,2.8846,211300
-122.28,37.87,52,1233,300,571,292,2.2788,182300
-122.27,37.86,49,2052,435,924,414,2.5417,182700
-122.27,37.86,52,1769,372,849,365,2.6914,218800
-122.26,37.86,52,3497,832,1493,794,2.9044,257400
-122.25,37.86,52,1709,318,719,295,5.0463,456300
-122.24,37.85,52,3726,474,1366,496,9.3959,500001
-122.26,37.85,52,3618,768,1508,755,3.2619,309600
-122.27,37.85,47,2077,400,719,326,2.2431,172700
-122.29,37.84,35,1872,419,1017,414,2.2106,132500
-122.22,37.82,39,2492,310,808,315,11.8603,500001
-122.24,37.83,52,1757,246,585,227,5.8948,457800
-122.23,37.82,52,1611,203,556,179,8.7477,500001
-122.25,37.82,52,2474,403,1104,398,5.883,340700
-122.25,37.77,52,2156,458,872,445,3.2685,254200
-122.25,37.77,43,4329,1110,2086,1053,2.975,243400
-122.23,37.76,52,1049,185,374,176,4.1458,248500
-122.23,37.76,52,1705,246,658,253,5.75,306300
-122.1,37.72,30,2599,366,922,350,5.8382,330200
-122.1,37.7,25,2973,622,1413,595,4.3819,209200
-122.07,37.69,29,2304,618,1021,552,2.5362,203800
-122.08,37.69,42,1414,274,629,244,3.3478,184900
-122.17,37.73,52,1555,289,620,292,3.7159,183300
-122.18,37.72,45,1498,313,1003,305,3.8047,156700
-122.18,37.71,45,726,147,519,135,3.375,157500
-122.17,37.72,42,3008,659,1817,664,3.371,165000
-122.17,37.72,5,1692,398,814,328,3.663,158300
-122.14,37.73,38,1723,394,711,353,3.0673,218400
-122.15,37.71,36,998,178,531,183,4.0208,191500
-122.14,37.7,17,1463,292,695,330,4.5859,187200
-122.12,37.69,30,1197,269,695,279,3.4375,157800
-122.12,37.7,17,2488,617,1287,538,2.9922,179900
-122.12,37.7,19,2495,635,1571,579,2.5833,159900
-122.06,37.68,30,5367,1207,2667,1047,3.1796,170300
-122.08,37.68,26,1167,370,253,137,2.4196,275000
-122.09,37.68,29,2333,538,1120,540,2.4042,205600
-122.1,37.68,37,2116,503,1109,448,2.535,174000
-122.1,37.68,38,1779,413,1061,400,3.0962,180900
-122.15,37.67,35,2472,398,1171,390,5.5797,198100
-122.13,37.67,40,1748,318,914,317,3.8676,184000
-122.12,37.67,33,3429,681,1798,694,3.9395,184700
-122.11,37.67,32,3028,811,2037,703,3.0645,165400
-122.07,37.67,28,2932,739,1198,624,3.2417,210800
-122.08,37.65,35,1813,393,1093,374,3.6818,165400
-122.1,37.66,34,656,115,342,112,4.6875,200600
-122.1,37.63,18,9963,2031,5613,1946,3.8171,187200
-122.13,37.66,19,862,167,407,183,4.3456,163000
-122.11,37.65,18,4335,808,2041,734,3.4861,331600
-122.09,37.64,32,1578,284,836,292,3.9063,184200
-122.08,37.64,36,1340,245,789,248,3.8,172000
-122.07,37.63,27,2784,723,2028,693,2.4808,157600
-122.04,37.63,33,952,172,369,159,3.2331,226700
-122.07,37.63,24,2329,465,1401,453,4.5913,177600
-122.09,37.63,36,1570,274,992,249,5.3644,168800
-122.09,37.63,35,1213,221,790,243,4.7019,174100
-122.02,37.6,36,1633,345,1382,338,3.694,159600
-122.02,37.6,32,1295,280,1156,300,3.5,154300
-122.06,37.6,18,1726,276,1186,310,5.3226,231700
-122.07,37.58,16,1606,240,1117,268,6.0661,247000
-122.07,37.57,8,8647,1407,5019,1379,6.5615,318300
-121.97,37.54,31,1949,344,986,322,4.6349,196200
-121.94,37.54,27,3715,526,1631,538,6.2179,305300
-121.95,37.54,29,3517,645,1724,585,4.6641,248900
-121.96,37.53,28,2949,529,1538,545,4.9615,228000
-122,37.55,27,6103,1249,3026,1134,4.1591,332400
-121.96,37.52,26,4211,741,2352,734,5.2396,223900
-122.04,37.53,25,4458,922,2998,890,3.9667,218500
-122.04,37.53,34,2316,478,1524,467,3.7364,190400
-122.03,37.54,16,4458,856,3038,870,5.0739,208000
-122,37.51,7,6352,1390,3223,1316,4.9867,181700
-121.91,37.71,25,4377,668,2038,671,5.7233,231800
-121.93,37.66,24,3166,424,1081,400,8.3337,500001
-121.88,37.67,25,2244,301,937,324,6.4524,296900
-121.9,37.67,7,9540,1294,3926,1229,7.4353,389800
-121.87,37.67,10,4337,800,1813,743,5.5,247200
-121.84,37.66,13,13182,2074,4847,1950,5.6417,352900
-121.82,37.73,47,127,23,51,21,4.3472,375000
-121.89,37.69,4,6159,1510,2649,1241,3.62,139300
-121.75,37.71,11,12070,2220,5826,2125,4.8624,192400
-121.77,37.68,36,1687,372,950,372,3.5532,158400
-121.79,37.69,25,6296,1082,3200,1047,4.5357,188400
-121.76,37.7,9,3980,736,1705,679,5.7068,256700
-121.76,37.68,35,1864,357,1189,349,4.2361,177500
-121.77,37.67,20,8068,1217,3489,1259,5.7907,264200
-121.79,37.67,26,2163,339,947,346,6.0797,211000
-120,38.52,16,3045,543,202,102,3.15,140600
-120.25,38.55,15,4403,891,1103,433,3.0125,111700
-120.79,38.54,34,1133,254,495,187,2.05,68900
-120.88,38.45,25,1374,297,657,288,2.5476,97900
-120.66,38.4,18,2144,420,985,381,3.175,118500
-121.89,39.76,15,10265,1860,4591,1906,3.07,142600
-121.86,39.75,18,1651,309,856,293,3.5046,118300
-121.82,39.73,44,2923,659,1371,626,2.2925,85800
-121.84,39.73,52,857,232,520,198,0.987,112500
-121.84,39.72,52,1457,389,802,342,0.9566,69000
-121.84,39.73,52,957,263,513,223,1.3672,55000
-121.81,39.7,21,5051,1054,2948,980,1.5863,81300
-121.84,39.68,38,549,105,275,94,3.5375,153100
-121.59,39.82,12,1958,369,875,354,2.3507,97600
-121.6,39.79,18,2672,533,1151,532,2.567,102900
-121.59,39.77,24,1535,276,664,273,2.3068,97300
-121.61,39.76,31,2431,512,1026,427,2.5428,85000
-121.66,39.66,17,3502,655,1763,613,2.9625,101200
-121.62,39.5,18,2105,416,974,385,1.6346,63300
-121.54,39.5,38,1438,310,779,275,1.3289,39400
-121.54,39.47,14,1724,315,939,302,2.4952,53900
-121.65,39.35,24,1003,251,1098,227,1.7552,86400
-121.74,39.38,27,2596,435,1100,409,2.3243,85500
-121.8,39.33,30,1019,192,501,185,2.5259,81300
-121.71,39.42,21,1432,284,862,275,2.2813,57600
-120.55,38.31,18,1411,312,592,230,1.625,94700
-120.37,38.23,13,4401,829,924,383,2.6942,123500
-121.65,38.03,28,3144,694,1095,482,3.4402,192400
-121.72,37.98,5,7105,1143,3523,1088,5.0468,168800
-121.71,37.99,27,3861,718,2085,707,3.3558,129700
-121.64,37.85,22,1999,415,967,320,4.4583,253900
-121.81,38.01,52,1124,245,528,226,2.2639,128500
-121.82,38.01,50,1120,281,625,239,1.5988,96400
-121.82,38.01,25,3018,606,1614,568,3.4722,127000
-121.79,38.01,17,4032,814,1749,618,3.1728,146800
-121.78,38,8,2371,375,1094,396,5.3245,174500
-121.85,38,24,2269,584,1239,542,2.0411,100000
-121.83,37.99,16,2919,462,1456,453,5.6779,164700
-121.77,37.99,4,5623,780,2429,716,5.4409,205100
-121.92,38.01,7,1632,248,879,262,6.1237,166000
-121.92,38.03,16,2176,464,1410,434,3.5436,100200
-122.06,37.95,36,2213,386,950,370,4.7386,186400
-122.03,37.98,16,1209,477,627,482,1.3894,156300
-122.04,37.97,10,974,316,631,286,2.3152,140600
-122.03,38,25,3577,581,1753,593,5.7295,178300
-122.04,37.99,38,2675,541,1378,480,3.8897,139900
-122.03,37.99,35,3103,537,1614,566,4.9022,169300
-122.03,37.99,37,1755,327,882,350,4.59,166600
-122,37.98,32,1013,169,436,173,5.1118,226900
-122,37.98,35,1192,201,535,172,4.9219,182000
-122.01,37.99,28,1900,401,918,351,3.7841,144900
-121.97,37.97,26,1977,264,817,273,5.7512,240200
-121.96,37.95,13,3216,765,1627,715,3.0859,167800
-121.97,37.95,8,4253,709,1883,662,5.431,246700
-121.99,37.96,17,2756,423,1228,426,5.5872,200600
-122.02,37.97,36,2342,436,1191,416,4,171000
-122.05,37.95,20,563,107,246,123,5.4482,190800
-122.02,37.94,19,3192,612,1317,594,4.125,267100
-122.01,37.93,25,2652,335,1062,334,7.5898,330200
-122.05,37.93,5,4274,1153,1503,881,4.0473,266500
-122.05,37.93,15,7803,1603,2957,1546,4.45,184900
-122.06,37.91,15,5393,1422,2133,1288,4.1612,232800
-122.08,37.92,28,2377,469,1068,435,4.4561,250000
-122.07,37.91,28,1731,295,810,295,5.0391,259800
-122.07,37.91,33,1550,277,638,254,3.6833,292500
-122.04,37.9,20,5467,1044,2310,963,5.6986,275800
-122.02,37.89,29,6349,858,2450,778,7.5,356200
-121.92,37.73,24,1407,327,501,295,2.4821,157200
-121.98,37.8,17,3354,422,1457,425,7.6473,345800
-121.96,37.81,12,6488,778,2404,765,8.3188,403400
-121.97,37.8,17,3279,418,1222,381,7.9168,356000
-121.99,37.82,22,1248,271,579,269,3.375,200000
-121.99,37.81,17,465,83,146,75,4.9018,188500
-122.02,37.8,11,6200,907,2286,896,7.6518,359300
-121.95,37.81,5,7178,898,2823,907,9.0776,450400
-122.1,37.93,20,10212,1424,4083,1374,8.039,382200
-122.12,37.94,22,4949,626,1850,590,10.4549,500001
-122.11,37.88,37,4005,614,1602,606,6.4666,348200
-122.12,37.88,35,2785,362,1001,363,8.0448,433300
-122.13,37.89,27,744,214,295,169,2.7411,350000
-122.1,37.88,35,3701,528,1511,517,7.2315,367100
-122.08,37.84,17,1320,159,1722,141,11.7064,500001
-122.14,37.86,20,6201,1182,2415,1141,4.5744,314000
-122.14,37.84,24,2131,343,874,373,5.6349,355600
-122.17,37.87,38,1261,177,472,183,6.917,438000
-122.22,37.88,20,95,13,31,15,2.4444,475000
-122.18,37.89,18,4845,735,1634,734,8.1489,499000
-121.96,37.95,25,4026,791,1850,709,4.1483,181200
-121.95,37.94,21,3153,411,1318,431,6.8642,285400
-122.01,37.92,18,2808,337,1038,337,8.3956,353600
-122.01,37.92,16,2638,345,1055,334,8.1163,365800
-121.91,37.93,13,1610,198,703,217,8.7059,329400
-121.93,37.93,16,2169,262,877,245,6.6049,312600
-122.31,38,26,3735,641,1708,633,4.621,191100
-122.27,37.99,16,4921,737,2312,725,5.8899,243200
-122.24,38.01,11,3751,565,1949,555,5.7862,269400
-122.27,38,15,1216,166,572,178,5.8418,240300
-122.26,38,5,6265,908,3326,872,6.2073,272900
-122.3,37.97,35,1811,377,911,340,3.375,149700
-122.29,37.94,20,7578,1426,3637,1362,4.4387,190000
-122.31,37.99,25,6508,1137,3259,1081,4.2348,157800
-122.32,37.99,24,4865,968,2315,893,4.2852,173500
-122.33,37.99,4,3999,1079,1591,887,3.911,112500
-122.39,38,33,44,6,23,11,4.125,212500
-122.41,37.98,36,60,15,42,25,1.4583,67500
-122.35,37.96,29,1899,524,1357,443,1.875,97200
-122.34,37.96,15,6487,1717,3408,1560,2.1991,133300
-122.32,37.93,40,1141,213,434,196,3.9464,186900
-122.33,37.94,42,1695,345,719,334,3.9417,139100
-122.34,37.95,45,1128,240,702,270,3.6719,134100
-122.36,37.95,38,1042,289,773,248,2.7714,104700
-122.34,37.94,44,1917,444,936,435,2.7391,140300
-122.34,37.94,31,1611,455,786,411,1.681,145500
-122.36,37.93,42,1796,389,1107,372,1.9375,87000
-122.37,37.93,37,709,190,644,174,0.8641,84200
-122.34,37.93,32,2389,652,1672,584,1.4423,88300
-122.31,37.93,36,1526,256,696,263,3.5089,261900
-122.31,37.92,38,1250,236,631,279,3.724,220100
-122.31,37.92,43,2116,407,900,361,4.1587,212200
-122.3,37.9,41,2053,435,873,415,3.4091,223000
-122.29,37.9,52,2657,500,1131,489,4.4286,234900
-122.27,37.91,47,1930,315,692,296,6.3669,315500
-124.17,41.76,20,2673,538,1282,514,2.4605,105900
-124.15,41.81,17,3276,628,3546,585,2.2868,103100
-119.98,38.96,25,2443,444,868,342,3.5417,114800
-120.01,38.92,25,1758,357,689,278,2.675,104200
-120.02,38.76,15,3142,618,725,285,4.3333,121400
-120.16,39.04,18,2040,402,350,129,4.0313,126000
-121.04,38.81,11,3522,623,1456,544,3.93,163400
-121,38.58,12,3425,549,1357,451,5.3344,217500
-120.87,38.71,13,2692,470,1302,420,4,167400
-120.63,38.68,14,1821,316,769,266,3.0789,131700
-120.66,38.61,19,2715,596,1301,473,2.5042,126400
-120.88,38.58,8,3417,604,1703,623,4.0827,170700
-119.81,36.74,36,607,155,483,146,1.5625,47500
-119.77,36.72,43,1763,389,1623,390,1.4427,47700
-119.77,36.74,20,1855,519,1091,443,1.5547,93900
-119.78,36.74,15,1461,415,924,356,2.5045,90300
-119.78,36.75,35,2114,506,2050,474,1.2375,50000
-119.82,36.74,52,610,128,406,122,1.8967,43800
-119.8,36.72,19,1334,336,1171,319,1.0481,48500
-119.79,36.7,23,1731,363,1210,341,1.3922,49500
-119.79,36.72,41,1562,322,927,277,1.3047,44100
-119.76,36.72,24,1240,265,1035,232,2.875,60600
-119.75,36.72,22,3247,859,4179,881,1.3343,60800
-119.69,36.75,6,1926,303,965,316,4.7463,93100
-119.69,36.74,23,2097,385,911,405,3.5128,121600
-119.73,36.73,7,2461,647,1587,551,1.4007,225000
-119.73,36.72,15,2246,456,1190,403,2.0294,70400
-119.73,36.68,32,755,205,681,207,1.7986,49300
-119.69,36.69,36,1432,269,836,237,2.1563,88300
-119.76,36.68,29,1243,312,836,277,1.8355,74200
-119.89,36.7,32,1485,269,867,271,2.5809,78300
-119.81,36.76,51,2419,486,1284,426,2.2029,54200
-119.81,36.76,52,1792,352,1049,357,2.4375,57100
-119.78,36.76,47,1425,323,949,325,1.7344,51300
-119.76,36.75,35,1607,383,1407,382,2.19,53400
-119.76,36.75,41,1576,417,1567,366,1.2545,45500
-119.76,36.75,35,2347,526,1676,481,1.6548,49400
-119.76,36.75,39,2233,563,2031,491,1.8641,50800
-119.75,36.75,49,2331,460,1290,477,2.5111,55400
-119.73,36.75,39,1745,321,901,303,3.1719,67900
-119.71,36.8,17,2056,366,1259,367,3.9338,84700
-119.71,36.8,17,1415,267,861,293,3.25,81400
-119.76,36.77,36,2507,466,1227,474,2.785,72300
-119.76,36.77,38,3804,814,2142,816,2.1439,60200
-119.78,36.78,37,2185,455,1143,438,1.9784,70700
-119.85,36.75,24,1143,245,608,240,2.8194,81100
-119.9,36.79,22,1970,332,1066,319,3.3125,106100
-119.89,36.76,17,1987,335,1152,313,4.1719,126400
-120.08,36.79,38,1446,285,928,255,2.9808,89600
-120.04,36.74,14,3182,730,2298,721,1.6168,71800
-119.99,36.8,45,1270,242,598,214,3.2813,105400
-119.87,36.83,4,4833,784,2088,789,5.1781,122500
-119.85,36.82,15,1387,236,638,195,5.5842,88900
-119.84,36.82,17,2807,376,996,353,5.5357,167700
-119.82,36.81,25,3305,551,1149,500,5.0698,150900
-119.82,36.84,7,2289,342,1077,354,5.4868,158800
-119.8,36.83,17,1560,261,709,258,4.3315,95800
-119.8,36.8,43,1951,288,725,308,6.3359,169300
-119.83,36.8,24,3756,681,1586,739,3.8571,90100
-119.83,36.79,24,3505,819,2098,774,1.9575,67000
-119.82,36.78,36,1582,313,761,318,2.6055,69200
-119.82,36.79,35,1474,291,709,294,2.6522,65900
-119.82,36.79,18,5822,1439,3415,1224,1.6854,64700
-119.81,36.79,39,2471,460,1118,431,2.4167,71900
-119.79,36.81,35,1877,328,1155,353,3.069,69600
-119.79,36.81,33,1461,261,494,254,4.25,132200
-119.77,36.79,27,2258,427,1076,423,2.9937,81100
-119.74,36.79,28,2857,619,1614,592,2.1573,71400
-119.77,36.8,32,3461,665,1507,649,2.9244,84600
-119.76,36.83,17,3690,628,1888,601,4.0196,84200
-119.77,36.91,3,7520,1143,2878,1077,5.3272,174200
-119.7,36.94,15,1449,277,649,265,2.4861,86300
-119.7,36.81,32,2623,528,1570,492,2.7159,68000
-119.73,36.83,14,3348,491,1584,493,5.0828,111400
-119.72,36.81,28,1651,305,780,309,2.9453,72200
-119.67,36.83,3,2029,336,1003,340,4.4356,111300
-119.68,36.81,16,2668,454,1536,457,3.9792,88900
-119.68,36.8,7,2855,518,1748,498,4.2066,88400
-119.69,36.77,22,2456,496,1720,417,2.6875,60600
-119.56,36.71,29,1963,392,1208,398,2.5741,73000
-119.55,36.72,6,1186,234,1135,218,2.1515,63900
-119.52,36.71,21,1834,321,1120,314,2.59,69300
-119.47,36.69,19,3351,589,1578,542,3.2917,160100
-119.61,36.94,14,863,151,315,135,4.2679,151800
-119.57,37.02,16,4199,794,2140,722,3.332,111800
-119.33,36.89,15,1879,411,755,294,2,83300
-119.25,36.71,13,2813,579,1385,512,2.2202,100000
-119.31,36.63,26,1874,416,1834,432,1.6486,55200
-119.45,36.6,36,2294,489,1430,454,1.8975,60900
-119.45,36.59,28,1274,215,572,202,3.825,84200
-119.59,36.57,19,1733,303,911,281,3.5987,131700
-119.6,36.56,36,738,168,737,186,1.4415,54400
-119.56,36.51,37,1018,213,663,204,1.6635,67000
-120.35,36.16,18,1519,296,846,272,2.7792,85300
-120.18,36.59,25,948,198,613,171,2.3026,90600
-120.22,36.49,14,1508,347,1679,345,2.4786,56000
-120.44,36.84,29,1563,293,883,288,2.8182,90500
-122.16,39.78,32,1288,221,562,203,2.325,69600
-122.18,39.55,28,1471,259,673,246,3.25,81600
-124.17,40.8,52,1557,344,758,319,1.8529,62500
-124.15,40.78,36,2112,374,829,368,3.3984,90000
-124.13,40.8,31,2152,462,1259,420,2.2478,81100
-124.08,40.86,18,1287,484,805,502,1.1157,150000
-124.07,40.87,31,334,134,780,130,0.7684,153100
-124.1,40.9,18,4032,798,1948,775,2.7321,92600
-123.72,41.09,19,1970,431,1166,363,1.8208,50000
-124.14,41.06,32,1020,215,421,198,3.0208,143400
-124.16,41.02,23,1672,385,1060,390,2.1726,75500
-124.11,40.93,17,1661,329,948,357,2.7639,90200
-124.08,40.94,18,1550,345,941,335,2.3147,70100
-124.17,40.74,17,2026,338,873,313,4.0357,128900
-124.26,40.58,52,2217,394,907,369,2.3571,111400
-124.23,40.54,52,2694,453,1152,435,3.0806,106700
-124.35,40.54,52,1820,300,806,270,3.0147,94600
-123.75,40.11,35,2052,477,900,402,1.9625,101500
-115.51,33.12,21,1024,218,890,232,2.101,46700
-115.73,33.09,27,452,103,258,61,2.9,87500
-115.52,32.97,24,1617,366,1416,401,1.975,66400
-115.58,32.81,5,805,143,458,143,4.475,96300
-115.55,32.8,23,666,142,580,160,2.1136,61000
-115.49,32.67,24,1266,275,1083,298,1.4828,73100
-115.49,32.67,29,1523,440,1302,393,1.1311,84700
-115.96,33.3,27,322,81,112,57,1.125,54400
-115.95,33.28,12,99,25,37,17,1.8958,53800
-114.98,33.07,18,1183,363,374,127,3.1607,57500
-118.45,37.37,26,3135,524,1385,523,4.337,139700
-118.39,37.37,25,3295,824,1477,770,1.8325,105800
-118.31,36.94,35,2563,530,861,371,2.325,80600
-119.03,35.42,38,2952,598,1491,568,2.6094,67900
-119.03,35.45,14,3520,604,1748,582,4.3162,87100
-119.03,35.42,42,1705,418,905,393,1.6286,54600
-119.02,35.41,31,2348,701,1413,611,1.3222,51400
-119.09,35.43,28,254,35,118,37,4.8571,237500
-119.08,35.39,10,6435,1040,3242,1030,5.575,132200
-119,35.4,44,2250,378,928,379,4.3906,93900
-118.98,35.41,36,1482,266,640,274,3.875,94500
-118.96,35.4,27,2473,400,1271,427,3.5524,89100
-118.95,35.38,35,2220,388,906,373,3.5938,95200
-118.94,35.38,26,4800,831,2365,743,3.7533,87000
-118.95,35.41,21,3999,727,1889,688,3.875,99500
-118.94,35.39,13,3137,417,1318,397,7.7751,194100
-118.93,35.37,34,2412,446,1558,421,2.6903,62800
-118.97,35.37,41,2396,602,1781,543,1.8819,58000
-118.97,35.38,35,1673,426,1041,413,1.375,57500
-118.99,35.38,26,1317,374,1025,304,1.4024,51000
-118.98,35.38,24,1807,465,1460,410,1.4786,54800
-119.01,35.37,35,120,35,477,41,1.9125,47500
-119.03,35.38,52,1695,290,540,260,2.7312,147100
-119.03,35.36,41,1944,363,977,388,3.9097,81300
-119.01,35.36,24,1941,484,1277,435,1.056,51600
-119,35.36,40,850,227,764,186,0.9407,43600
-119,35.36,39,896,217,805,197,1.25,42500
-118.99,35.36,18,1524,354,1210,344,1.1136,47800
-118.99,35.36,31,1498,359,1168,340,1.2232,49300
-118.95,35.36,30,2294,508,1753,482,2.1078,54700
-119.03,35.35,34,1441,294,695,275,2.6875,73700
-119.05,35.34,14,3580,984,1933,912,2.6637,175000
-119.08,35.35,20,892,129,331,135,7.1837,176300
-119.1,35.33,4,6640,898,3121,902,6.759,170300
-119.03,35.32,12,2721,549,1294,523,2.5575,100200
-119.05,35.3,9,10822,1994,6241,1906,4.0631,88200
-118.99,35.24,40,282,59,213,71,2.35,91700
-119.15,34.83,6,8733,1600,2006,736,4.5724,168400
-119.2,35.37,6,7383,1095,3415,1059,5.3119,157300
-119.24,35.67,32,3216,750,2639,709,2.0025,54700
-118.33,35.64,15,2966,669,1007,465,1.5667,72500
-118.47,35.64,17,2248,535,927,427,1.3023,68500
-117.69,35.65,5,1131,276,520,232,4.0167,87500
-117.68,35.55,9,3811,605,1518,568,5.5551,142500
-117.84,35.54,11,1751,316,765,296,5.0762,98000
-117.95,35.08,1,83,15,32,15,4.875,141700
-117.99,35.16,15,2180,416,960,370,2.875,87800
-118.15,34.86,10,4597,1009,2227,821,2.6149,83500
-118.17,34.86,21,2370,540,1488,554,2.7361,83300
-118.15,35.06,15,1069,296,569,263,2.0441,73300
-118.16,35.05,44,1297,307,776,278,2.5875,68900
-118.61,34.99,11,4031,766,1539,564,3.8917,120800
-118.82,35.23,31,2358,580,2302,574,1.9688,53900
-118.85,35.2,17,2783,678,2566,641,1.9907,51200
-118.92,35.26,20,3815,924,3450,920,2.0174,63700
-119.69,36.41,38,1016,202,540,187,2.2885,75000
-119.78,36.3,30,1846,391,1255,352,2.1681,66600
-119.78,36.33,16,1006,212,515,200,3.2386,112500
-119.78,36.27,29,1871,315,1066,309,4.5714,100800
-119.63,36.34,26,1463,261,699,219,3.5536,71400
-119.64,36.33,41,3095,766,1852,721,1.4524,51700
-119.66,36.32,24,2652,568,1532,445,2.3256,56800
-119.66,36.3,18,1147,202,717,212,3.3681,70500
-119.65,36.3,28,941,175,588,180,2.3466,53400
-119.61,36.31,25,1847,371,1460,353,1.8839,46300
-119.57,36.27,20,2673,452,1394,449,2.625,97400
-119.57,36.09,6,2015,413,992,319,2.3889,53200
-119.56,36.09,35,1648,285,792,265,3.2847,64700
-119.56,36.08,37,766,189,639,190,1.6607,42100
-119.58,36.11,21,2004,385,1397,398,2.2169,61600
-120.14,36,33,1726,420,1371,388,2.0335,43900
-123.07,39.12,24,1098,193,353,145,3.8333,92600
-122.92,39.08,24,341,64,146,57,4,166300
-122.91,39.07,21,2202,484,1000,381,2.4423,102300
-122.92,39.05,16,1548,295,605,250,3.5652,119000
-122.92,39.05,38,3131,624,1591,568,2.5457,80700
-122.86,39.08,24,3127,674,1015,448,2.0417,78800
-122.6,38.93,16,1657,390,572,301,1.4767,62000
-122.62,38.96,16,1914,446,828,332,2.0577,69000
-122.7,38.97,17,2554,540,723,319,3.2375,114200
-122.79,39.02,23,642,203,265,84,1.8833,96900
-122.92,38.97,20,2067,384,904,333,2.9934,134200
-122.83,38.96,15,1318,296,567,276,1.8692,93800
-122.83,38.89,11,640,134,268,90,3.4514,100000
-122.48,38.9,10,304,63,161,61,2.1964,112500
-122.55,38.81,7,3639,637,1027,421,3.8831,132100
-122.68,38.76,29,994,226,302,117,2.3125,67900
-120.35,40.63,33,240,49,63,22,3.625,200000
-121.02,40.51,17,890,167,406,154,3.3036,78300
-120.66,40.42,35,1450,325,717,297,2.5074,66400
-118.3,34.26,42,2186,423,1145,439,4.81,191900
-118.28,34.24,29,3390,580,1543,576,5.6184,316900
-118.33,34.24,31,6434,1188,3540,1131,4.2639,293300
-118.36,34.26,34,3677,573,1598,568,6.838,378000
-118.42,34.27,33,1209,341,1097,283,1.6295,134300
-118.43,34.27,31,1130,276,1533,269,4.2353,156800
-118.43,34.27,36,1002,250,1312,249,3.024,148000
-118.43,34.26,37,1269,348,1835,335,3.2583,147200
-118.44,34.27,35,777,187,1022,186,3.4,139600
-118.41,34.27,38,858,203,1250,204,2.9219,137900
-118.42,34.27,35,2700,702,3444,679,1.4867,124000
-118.42,34.3,29,3334,712,2919,718,3.6548,180300
-118.45,34.32,23,3481,641,1952,682,4.26,189400
-118.46,34.3,32,2424,476,2291,419,4.0337,158500
-118.46,34.29,24,3668,890,3151,810,3.0526,183300
-118.47,34.29,18,4256,987,3401,955,4.2935,190000
-118.49,34.28,27,2535,389,1071,386,6.8695,319400
-118.45,34.28,38,1527,332,1303,340,3.5714,152000
-118.48,34.27,33,2649,449,1303,437,4.9955,216800
-118.46,34.26,33,1358,247,738,235,5.0947,210300
-118.46,34.25,32,2217,422,1064,427,3.6989,208600
-118.48,34.26,36,1770,296,938,304,5.749,238000
-118.54,34.27,28,2309,300,931,302,6.7415,348200
-118.61,34.23,26,3727,572,1724,530,6.1419,327300
-118.6,34.23,19,8866,2355,5005,2194,3.2564,230300
-118.56,34.23,36,2406,432,1242,454,4.6944,221800
-118.58,34.22,35,1969,339,950,340,4.875,230400
-118.51,34.23,36,3324,448,1190,423,7.2772,477200
-118.52,34.24,6,3218,949,2295,876,3.0926,418500
-118.53,34.24,24,2718,719,3018,644,2.9076,275300
-118.54,34.25,26,2639,378,1191,401,6.2788,322200
-118.52,34.22,21,4617,1101,2891,1031,3.2289,318100
-118.54,34.22,34,2193,513,1299,497,3.6187,211600
-118.47,34.25,21,2692,477,1330,456,4.5417,238900
-118.49,34.23,32,4373,683,2040,693,5.2668,242300
-118.48,34.23,35,1963,310,919,297,4.7583,258600
-118.46,34.23,16,6338,1768,4718,1632,3.0187,154600
-118.43,34.25,38,921,239,1023,241,3.4514,151900
-118.43,34.25,32,2433,553,2318,532,3.6384,159300
-118.43,34.23,35,2049,390,1286,385,4.4432,181500
-118.44,34.23,43,2257,429,1418,442,4.5278,181800
-118.44,34.21,37,1665,335,1011,343,4.8703,185100
-118.44,34.21,41,1440,325,1014,322,2.875,168600
-118.4,34.24,35,2552,545,1850,503,4.775,179500
-118.41,34.21,35,1789,292,897,267,5.592,239900
-118.38,34.22,20,1176,344,864,318,2.375,177700
-118.42,34.2,34,161,48,66,33,1,187500
-118.37,34.22,11,2127,581,1989,530,2.9028,174100
-118.36,34.22,37,1512,348,1545,351,3.7663,160300
-118.38,34.21,42,715,145,730,158,3.8,169500
-118.39,34.2,17,2594,1028,3950,973,2.0348,177200
-118.37,34.2,34,2199,609,2488,597,2.9861,171800
-118.36,34.19,11,2921,685,1512,664,4.1445,176400
-118.4,34.2,13,4859,1293,3351,1200,3.6875,211900
-118.41,34.19,37,1993,425,939,400,2.8021,224600
-118.4,34.19,35,1631,356,862,368,3.6007,261800
-118.4,34.16,45,1176,250,471,228,2.3333,364700
-118.38,34.18,27,4834,1527,3847,1432,2.1449,165300
-118.42,34.17,31,2235,363,914,370,6.1359,359700
-118.4,34.17,24,4443,1283,2421,1180,2.2652,269200
-118.39,34.16,46,1582,279,603,283,5.1169,414300
-118.38,34.16,46,2609,593,1055,585,3.3177,309400
-118.36,34.17,44,2295,560,1543,528,2.3851,194100
-118.36,34.16,32,2455,556,989,493,4.0764,325000
-118.36,34.16,45,1755,335,822,342,5.1423,322900
-118.43,34.2,20,4090,1271,2824,1053,2.773,140500
-118.46,34.21,7,2081,657,1456,535,3.5,186900
-118.47,34.2,20,3939,1143,2475,1002,2.9025,229100
-118.48,34.2,26,2027,559,1545,513,2.8974,189900
-118.47,34.19,33,3879,943,2113,843,3.892,292900
-118.45,34.2,27,1572,450,1039,455,2.5562,190500
-118.44,34.2,17,2934,950,2517,889,2.936,232500
-118.44,34.19,37,1516,344,983,347,5,243600
-118.44,34.19,11,2891,951,2166,768,2.891,178100
-118.44,34.18,17,1546,592,2423,556,2.1977,154200
-118.45,34.18,22,2516,826,3350,713,2.0192,158300
-118.46,34.18,33,1791,386,844,397,4.5081,251400
-118.44,34.18,33,2127,414,1056,391,4.375,286100
-118.44,34.17,29,2685,642,1085,599,3.2763,279400
-118.46,34.16,26,2548,647,1098,540,4.3839,299100
-118.52,34.21,36,2394,424,1490,427,4.3261,206700
-118.5,34.21,35,1668,332,807,311,4.5125,200300
-118.51,34.2,35,1614,308,850,330,4.1806,209000
-118.5,34.19,26,2156,509,1142,470,4,224700
-118.56,34.18,36,1366,224,719,270,4.8264,251000
-118.57,34.22,27,2795,606,1702,586,3.7798,258400
-118.57,34.22,17,3262,753,1879,708,4.1359,255200
-118.62,34.22,34,2633,471,1313,428,4.0909,232900
-118.61,34.21,41,1058,228,778,245,3.3534,180500
-118.65,34.21,5,5429,665,2315,687,9.6465,500001
-118.62,34.2,32,3233,553,1678,545,5.0025,234900
-118.56,34.2,35,1770,362,1083,355,5.0483,221000
-118.56,34.19,36,2600,441,1246,426,4.1111,215600
-118.58,34.2,35,1323,228,756,216,4.233,221300
-118.64,34.17,26,6767,903,2574,883,7.7846,409000
-118.61,34.17,19,5944,1345,2372,1250,3.8819,328900
-118.63,34.16,30,3346,487,1296,495,7.457,392700
-118.6,34.16,32,3999,667,1628,631,6.0794,338500
-118.59,34.15,29,2023,330,747,304,6.7694,369700
-118.52,34.18,46,2082,438,1047,393,3.6534,216000
-118.53,34.17,18,6430,1412,2897,1348,3.855,243800
-118.54,34.17,34,2458,433,1034,373,5.6738,443600
-118.5,34.15,33,3104,387,1111,376,13.4196,500001
-118.54,34.15,26,10111,1295,3599,1257,10.2292,500001
-118.45,34.16,22,7828,2038,3303,1922,3.6171,318300
-118.47,34.16,30,3823,740,1449,612,4.6,392500
-118.45,34.14,33,1741,274,588,267,7.9625,490800
-118.39,34.15,29,917,181,379,183,3.4612,425000
-118.41,34.15,33,4032,868,1695,869,4.3468,425900
-118.4,34.15,41,2394,500,837,417,4.3889,380400
-118.41,34.15,46,1628,259,500,258,6.083,424000
-118.36,34.14,30,1376,317,629,320,3.6823,295200
-118.37,34.14,8,4382,1560,2138,1411,3.5714,197900
-118.37,34.14,23,1883,512,774,478,3.5096,396400
-118.41,34.14,33,778,143,258,130,5.738,497600
-118.22,34.14,50,3657,708,1725,644,5.5456,258100
-118.19,34.14,47,2525,523,1514,498,4.3359,209200
-118.21,34.13,52,2465,611,1433,570,3.25,214200
-118.18,34.12,52,1081,311,904,283,1.9219,165100
-118.2,34.13,30,3369,824,2032,795,4.0052,196400
-118.21,34.11,32,2759,499,1661,533,4.3812,228200
-118.21,34.1,47,5077,1271,3348,1106,3.0377,186800
-118.22,34.1,33,1903,386,1187,340,4.0469,196600
-118.23,34.09,41,438,201,690,161,2.0476,181300
-118.23,34.13,34,609,149,407,145,4.5766,185800
-118.22,34.12,28,3306,1025,2670,942,3.0919,185400
-118.21,34.12,35,1937,439,1523,412,3.5638,170500
-118.22,34.12,37,1298,242,750,255,5.2049,240800
-118.24,34.12,41,1213,301,801,300,3.1806,204200
-118.23,34.11,33,2612,646,2496,606,3.133,156000
-118.25,34.11,39,1415,369,1467,351,3.015,156300
-118.27,34.12,50,2037,440,1089,417,3.575,230600
-118.3,34.1,37,5305,1980,3895,1874,2.0672,283300
-118.31,34.11,52,1875,303,735,293,5.8659,433300
-118.31,34.12,39,3895,561,1271,536,8.0073,500001
-118.32,34.11,48,4472,1579,2796,1397,2.3974,410700
-118.34,34.11,40,5485,1242,2034,1133,3.6974,500001
-118.35,34.1,16,2930,1038,1648,980,2.6458,372200
-118.34,34.1,24,1996,791,1215,672,1.5429,325000
-118.33,34.1,43,2732,1646,3049,1429,1.3157,333300
-118.32,34.1,43,1615,734,1460,644,1.4005,193800
-118.32,34.09,34,2473,1171,2655,1083,1.6331,162500
-118.29,34.09,35,2624,1116,3548,1008,2.0132,198400
-118.3,34.09,32,2202,674,2178,635,2.0307,226700
-118.34,34.08,50,3457,854,1584,841,3.1078,346700
-118.34,34.08,52,1430,186,547,178,10.3661,500001
-118.35,34.08,52,1003,200,514,204,3.8472,395700
-118.35,34.08,52,1710,350,727,355,4.5833,333900
-118.32,34.08,46,2038,534,1250,525,2.4196,358100
-118.31,34.08,23,1443,521,1264,450,2.7543,220000
-118.36,34.08,40,3110,764,1557,763,1.9937,367100
-118.28,34.11,52,2036,348,775,332,5.4122,397500
-118.27,34.09,48,1527,295,589,286,4.1667,344800
-118.27,34.09,52,2327,555,1048,491,3.7847,252300
-118.26,34.07,28,579,184,673,202,2.625,187500
-118.28,34.08,52,2465,773,2328,746,2.6178,203100
-118.23,34.07,35,1335,440,1586,445,1.9722,156300
-118.26,34.08,45,2174,627,1992,557,2.5428,167800
-118.25,34.07,16,719,225,801,218,2.3942,133300
-118.2,34.07,34,1765,551,2203,500,2.2708,159600
-118.17,34.1,37,299,89,318,92,1.3125,145800
-118.18,34.09,40,2744,708,2747,674,2.6226,148800
-118.18,34.1,10,1907,398,921,369,4.875,200400
-118.16,34.09,50,1568,302,1093,333,3.1442,162100
-118.2,34.06,46,321,101,401,86,2.1029,109400
-118.22,34.05,36,1243,470,1668,444,1.0714,137500
-118.21,34.05,28,950,357,1485,345,1.9271,136400
-118.2,34.05,40,1146,323,1354,321,1.9205,121900
-118.2,34.04,47,1894,408,1629,379,3.7619,127600
-118.22,34.05,43,1153,411,1667,409,1.9402,139300
-118.21,34.05,47,722,235,930,226,2.5455,114300
-118.2,34.02,42,498,120,548,119,3.7543,126600
-118.24,34.05,13,1703,697,1823,669,0.8288,181300
-118.25,34.06,12,4011,1438,1673,1088,5.3081,287500
-118.26,34.05,52,58,52,41,27,4.0972,500001
-118.26,34.06,40,637,273,1150,263,1.8625,131300
-118.26,34.07,52,1802,613,2382,587,1.8438,185900
-118.27,34.06,30,1771,788,2188,764,1.5885,154200
-118.28,34.06,14,1787,853,2251,763,1.1642,400000
-118.28,34.06,52,936,454,990,354,1.1122,187500
-118.3,34.07,36,2657,738,2274,723,3.425,281700
-118.31,34.06,36,369,147,145,136,0.8804,450000
-118.3,34.06,20,1782,896,1749,823,2.2094,75000
-118.3,34.07,28,5221,2530,5840,2374,1.8829,300000
-118.29,34.06,46,1759,1012,2716,877,2.1637,350000
-118.31,34.06,47,3038,1533,4225,1472,1.6725,187500
-118.31,34.06,31,2827,1084,3107,993,2.0278,360000
-118.31,34.05,40,1667,365,1161,384,3.1406,417600
-118.3,34.05,46,1386,457,1845,485,2.1414,157700
-118.3,34.05,31,1744,720,2034,633,2.2684,193800
-118.3,34.05,34,1453,588,1987,589,2.096,187500
-118.29,34.05,31,2818,1252,4126,1200,2.053,229200
-118.36,34.08,52,2373,601,1135,576,3.1765,225000
-118.36,34.08,52,1902,488,848,478,2.9621,175000
-118.35,34.07,45,7803,2154,3359,2041,3.3594,287500
-118.36,34.07,48,1740,360,748,357,4.7019,411100
-118.36,34.07,52,2046,451,944,435,3.4265,456900
-118.34,34.07,52,3175,1057,1594,997,3.1766,225000
-118.34,34.05,52,2530,458,1122,449,3.9167,321600
-118.34,34.06,52,2069,417,826,377,3.5481,396000
-118.37,34.05,52,1563,306,776,308,3.625,440900
-118.36,34.05,45,1879,395,946,409,3.3333,254700
-118.36,34.05,50,3518,812,1724,758,3.0833,338100
-118.38,34.05,40,2352,598,1133,563,3.238,287500
-118.35,34.05,46,2149,451,905,443,2.8841,290800
-118.34,34.05,52,2194,504,997,438,2.6654,259400
-118.34,34.04,35,2345,607,2042,565,2.5955,139700
-118.34,34.04,37,1466,529,1835,500,1.7014,123200
-118.35,34.04,45,1839,459,1312,460,2.5625,138000
-118.35,34.03,35,1438,333,794,306,1.975,138100
-118.33,34.04,33,1806,444,1161,393,2.5927,161500
-118.33,34.03,33,2314,624,1714,582,1.7377,183900
-118.32,34.03,50,1845,349,1109,335,2.8971,127800
-118.36,34.03,36,1083,342,1023,295,2.1324,143800
-118.34,34.02,49,1609,371,896,389,2.5156,136600
-118.36,34.02,43,1356,333,796,329,1.7159,189700
-118.29,34.04,48,1353,488,1945,487,2.4359,123700
-118.3,34.04,50,1757,522,2080,488,1.7225,180000
-118.31,34.05,35,2007,571,1513,554,2.1162,229200
-118.31,34.04,29,2038,578,2070,570,2.0658,214600
-118.31,34.03,29,2438,867,2114,753,0.8351,150000
-118.29,34.04,31,700,299,1272,298,2.1542,128100
-118.3,34.03,40,1695,374,1138,357,2.7125,150000
-118.29,34.02,21,1641,491,1526,453,2.087,141300
-118.28,34.02,29,515,229,2690,217,0.4999,500001
-118.26,34.02,38,980,285,1308,310,1.5652,123100
-118.26,34.01,47,1269,323,1628,325,1.5089,115800
-118.27,34.02,21,1314,375,1505,366,2.319,97200
-118.27,34.01,35,1672,556,2106,519,1.2206,129200
-118.25,34,36,1176,309,1267,292,1.6382,105000
-118.25,34,32,1218,342,1292,304,1.5781,102900
-118.27,34,43,1638,434,1213,390,1.3403,110800
-118.27,34,43,1258,381,1276,358,1.8917,106900
-118.31,34.01,52,2547,475,1417,444,1.8214,123200
-118.3,34.01,52,1444,343,1154,334,2.0625,134400
-118.28,34,43,713,245,880,237,1.2065,103600
-118.28,34,42,1534,417,1295,380,2.0938,119200
-118.31,33.99,45,1489,339,791,316,2.2339,104800
-118.28,33.99,46,2577,703,2446,687,1.275,98300
-118.28,33.99,52,1283,342,1363,329,2.5848,101900
-118.33,34.01,44,2182,492,878,493,1.9631,181300
-118.32,34,50,3250,693,2300,675,1.95,112600
-118.33,34,47,1671,388,895,317,2.2054,121500
-118.35,33.98,47,2512,461,1082,426,3.8235,207600
-118.33,33.97,44,2526,579,1423,573,2.5363,158800
-118.36,34.02,46,3745,798,1502,808,3.8643,195800
-118.34,34.01,37,4291,1102,1941,953,1.7945,106300
-118.35,34.02,27,3358,1069,2415,956,1.4589,87500
-118.28,33.99,37,1971,513,1673,464,1.4625,103000
-118.29,33.98,41,1582,416,1422,370,1.0516,108300
-118.31,33.98,52,1837,426,1062,343,2,96500
-118.28,33.98,19,883,313,726,277,0.9809,121400
-118.28,33.97,35,2305,634,1978,568,1.375,100000
-118.31,33.95,43,1823,358,1065,342,3.2708,131000
-118.28,33.96,34,2074,562,1913,514,1.6156,102100
-118.31,33.96,47,2005,392,1134,415,3.7143,140300
-118.26,33.98,43,762,206,854,188,1.2315,98200
-118.28,33.97,38,1819,497,2110,499,1.6027,97300
-118.27,33.96,38,977,295,1073,292,1.0208,86400
-118.26,33.96,39,1255,323,902,327,1.5812,94000
-118.26,33.97,52,1331,346,1144,362,1.5326,90600
-118.26,33.95,38,1387,346,1240,355,1.6898,95100
-118.28,33.96,39,882,221,697,189,1.8472,99100
-118.27,33.95,35,2073,494,1753,490,1.5,93600
-118.27,33.95,34,987,248,902,221,2.3365,98000
-118.26,33.94,41,1510,410,1408,389,1.65,94200
-118.26,33.93,35,1562,403,1587,406,1.4917,93200
-118.25,33.93,42,657,147,526,132,2.5,110200
-118.28,33.94,44,1631,338,1197,355,3.0788,100000
-118.28,33.93,41,936,257,913,226,2.0313,122600
-118.27,33.93,38,2073,500,1657,470,1.2098,88400
-118.28,33.93,45,529,112,448,120,3.5833,90600
-118.24,33.95,37,649,147,653,147,1.4792,97500
-118.25,33.93,42,819,233,899,228,1.1346,85400
-118.24,33.93,37,1027,258,824,248,1.5132,86300
-118.23,33.93,36,501,123,487,118,1.3,87000
-118.52,34.04,43,2167,254,761,256,13.6842,500001
-118.44,34.06,28,3910,959,1763,867,5.5,500001
-118.46,34.07,49,2418,301,850,318,14.2867,500001
-118.44,34.06,9,5102,1695,2609,1450,3.2545,500001
-118.43,34.06,41,1463,267,601,267,5.3777,500001
-118.44,34.04,16,18,6,3,4,0.536,350000
-118.41,34.03,33,1730,386,994,363,3.7277,500001
-118.41,34.04,52,2113,332,800,327,11.1768,500001
-118.42,34.04,52,1358,272,574,267,5.6454,500001
-118.38,34.04,39,2614,569,1665,553,3.4063,271600
-118.37,34.04,42,1809,424,1094,382,2.767,143000
-118.44,34.03,30,1039,303,606,274,3.125,343800
-118.44,34.01,41,1309,221,534,228,5.1708,418800
-118.43,34.01,31,2526,528,1046,504,4.7009,500001
-118.44,34,44,1462,338,821,341,2.599,362200
-118.44,34,44,1798,353,835,314,4.75,355800
-118.42,34.01,42,1594,369,952,362,3.099,335400
-118.46,34,39,4098,1100,2054,1053,2.918,345600
-118.46,34,37,388,83,248,84,5.1664,326700
-118.46,34.01,39,711,148,347,153,4.2813,297200
-118.46,33.99,35,1214,300,478,265,4.0156,500001
-118.46,33.97,19,2461,521,777,447,10,500001
-118.48,33.96,16,895,181,237,149,12.0088,500001
-118.41,34,18,1307,441,884,456,2.9338,276300
-118.43,33.99,45,1899,461,1260,415,2.6667,320000
-118.43,33.99,42,2558,558,1328,541,4.875,301300
-118.42,33.99,35,1724,419,1079,394,4.5521,263800
-118.36,33.98,40,1113,234,584,231,3.0927,316000
-118.42,33.97,44,1462,240,562,237,4.9375,365200
-118.43,33.96,13,1860,345,800,355,5.8864,500001
-118.42,33.96,24,4393,966,1257,579,5.0714,356100
-118.45,33.96,24,3097,791,1075,639,5.723,500001
-118.28,33.92,37,1761,409,1309,357,2.1875,175900
-118.3,33.84,37,1241,226,621,255,4.9196,232400
-118.3,33.8,27,2790,513,1498,519,5.3106,268300
-118.3,33.79,35,2793,686,2255,682,3.0057,235300
-118.27,33.79,26,2109,651,2120,605,2.1447,158700
-118.26,33.79,42,1162,264,1044,241,3.5488,205600
-118.27,33.76,46,22,11,32,7,3.125,112500
-118.28,33.75,41,1305,381,1384,369,2.45,186800
-118.28,33.75,18,393,189,429,188,1.8393,187500
-118.28,33.74,40,1751,512,1939,503,1.5394,200000
-118.3,33.75,23,1957,517,1454,526,3.5056,203100
-118.29,33.74,30,2074,533,1311,531,2.0329,225800
-118.31,33.73,36,1725,295,799,306,5.0874,368500
-118.29,33.72,25,2469,584,1253,535,3.1932,257500
-118.3,33.72,28,2647,658,1459,595,3.4474,253400
-118.3,33.73,40,2582,606,1304,588,3.5694,276400
-118.32,33.73,25,1099,168,407,159,7.6886,500001
-118.29,33.71,40,1644,471,780,416,3.1071,464300
-118.29,33.72,39,2651,590,1103,508,3.274,254300
-118.24,34.24,31,3812,595,1645,591,7.585,380100
-118.24,34.22,41,2476,506,1271,485,3.4531,263900
-118.24,34.22,34,1722,406,926,371,4.1523,252000
-118.24,34.21,32,3817,886,1888,829,3.5777,245600
-118.24,34.22,36,2507,517,1232,470,5.529,241300
-118.27,34.22,34,8206,1186,3141,1150,7.2812,462200
-118.23,34.18,43,1708,280,768,276,6.207,457400
-118.23,34.16,31,3105,582,1359,547,5.1718,429100
-118.27,34.16,45,1865,360,973,349,3.6587,321200
-118.27,34.17,52,2287,295,829,296,7.8383,500001
-118.28,34.18,47,2243,339,911,319,7.4046,446800
-118.29,34.16,35,1257,318,764,319,3.2083,238000
-118.27,34.15,14,1744,536,1494,531,3.2171,230800
-118.27,34.16,52,830,183,479,179,3.1397,253700
-118.26,34.16,18,1775,525,950,522,3.5417,177100
-118.24,34.15,20,2734,658,1562,607,3.3906,284100
-118.25,34.16,14,3700,945,1681,905,3.9054,200000
-118.23,34.14,33,2865,864,2061,790,2.6268,201300
-118.31,34.19,27,4713,1169,2372,1077,3.7015,287900
-118.32,34.2,29,2209,444,952,403,4.375,341200
-118.3,34.18,13,7174,1997,4293,1872,3.0973,251900
-118.3,34.18,5,5492,1549,2997,1405,3.3205,172100
-118.33,34.19,45,1505,347,799,319,3.138,217000
-118.33,34.18,48,2122,385,926,362,5.6975,231400
-118.35,34.17,44,2572,613,1280,570,3.5583,232000
-118.35,34.16,42,2267,478,1083,458,3.2015,250000
-118.35,34.16,45,1390,281,538,270,4.2212,293800
-118.35,34.16,49,1305,228,584,255,5.636,267900
-118.34,34.17,52,1133,212,545,222,4.875,249500
-118.33,34.15,39,493,168,259,138,2.3667,17500
-118.33,34.15,44,1321,303,471,301,4.2679,331800
-118.34,34.16,25,6082,1763,2616,1644,3.6486,246900
-118.31,34.16,38,2347,665,1317,547,3.2112,349300
-118.32,34.16,46,2345,453,1031,427,4.3173,278300
-118.43,34.3,33,2443,498,1601,484,4.0223,146000
-118.44,34.29,30,1632,401,1357,401,3.1588,160100
-118.44,34.28,32,527,146,582,143,1.7708,138800
-118.44,34.28,37,944,244,1107,235,1.9688,144100
-118.44,34.28,38,1156,305,1359,289,2.5147,137100
-117.8,34.1,13,2996,495,1187,464,6.2456,161700
-117.83,34.14,26,8254,1153,3460,1131,6.5253,349900
-117.88,34.13,33,3713,718,2106,720,4.0023,185500
-117.85,34.14,35,2899,429,1251,429,6.1049,297200
-117.82,34.12,26,3118,528,1546,545,5.27,209400
-117.81,34.11,21,3481,808,1866,746,3.6201,150400
-117.77,34.1,50,2388,494,1241,459,2.8818,167200
-117.77,34.11,28,1998,414,1124,389,3.75,180900
-117.74,34.1,29,2742,488,2477,532,3.5072,121900
-117.71,34.1,41,555,130,1492,123,2.2813,125000
-117.72,34.1,32,3241,895,1592,810,2.4952,181800
-117.71,34.09,36,2637,476,1385,483,4.1739,158700
-117.73,34.09,30,2345,496,1897,454,2.4375,112100
-117.75,34.07,52,1548,348,1131,343,2.63,127300
-117.77,34.06,27,2178,629,2379,591,1.9766,108000
-117.79,34.07,33,1694,333,1689,301,3.7583,116300
-117.76,34.06,30,1700,504,1719,459,2.227,91900
-117.74,34.07,42,2504,553,1550,509,3.0294,135700
-117.73,34.07,34,4038,725,2716,759,4.1339,135000
-117.73,34.07,33,1921,489,1430,467,2.3406,122600
-117.73,34.03,42,1967,378,1459,348,3.0375,118100
-117.76,34.04,36,2242,448,2052,447,3.4464,113000
-117.8,34.03,25,4240,643,1885,637,6.2384,247600
-117.78,34.03,8,32054,5290,15507,5050,6.0191,253900
-117.81,34.01,12,9197,1642,4332,1554,4.9589,282100
-117.86,34.02,19,6300,937,3671,943,5.9716,262100
-117.84,34.04,4,9959,1544,4904,1429,6.9754,402500
-117.88,34.09,29,3416,790,2223,728,3.5109,186000
-117.87,34.12,34,1004,220,772,217,3.8571,174500
-117.87,34.11,34,1324,211,799,228,4.5234,192200
-117.88,34.11,18,2923,670,1751,656,3.2383,157000
-117.9,34.13,32,1640,391,1312,358,2.6292,136100
-117.9,34.13,37,1801,422,1564,425,3.1597,133000
-117.9,34.12,33,1555,361,1571,386,4.0529,138200
-117.91,34.12,33,1391,309,1038,298,4.1944,149500
-117.9,34.11,23,4776,1316,4797,1187,2.1667,142600
-117.92,34.11,24,2838,695,2151,645,3.2202,126200
-117.98,34.07,15,3543,888,3131,823,3.0184,139400
-117.99,34.08,35,1032,207,954,191,2.8906,134800
-117.98,34.08,17,3640,830,3537,807,3.4784,152200
-117.97,34.1,26,1399,277,1285,276,4,160100
-117.95,34.09,21,2215,484,1792,419,2.8375,166500
-117.93,34.09,34,2192,431,1376,428,3.9861,163900
-117.91,34.08,33,2325,452,1170,445,3.6625,217100
-117.91,34.08,35,1443,266,861,262,3.5795,186900
-117.89,34.1,27,3341,728,1762,679,2.9437,180400
-117.89,34.1,34,2048,411,1456,416,3.125,168600
-117.9,34.08,32,2068,356,976,370,5.212,201200
-117.9,34.06,35,1313,194,599,209,7.5,287200
-117.89,34.07,35,834,137,392,123,4.5179,218800
-117.92,34.06,34,2819,609,1718,558,3.5547,197600
-117.94,34.06,32,3418,662,2003,622,4.0333,210200
-117.97,34.05,33,1452,268,1274,278,3.6563,162700
-117.98,34.06,36,2391,407,1967,398,4.0274,160700
-117.98,34.05,35,2342,426,2176,416,3.7454,156900
-117.98,34.05,33,1560,315,1467,313,4.1429,159800
-117.96,34.03,35,1623,331,1462,312,3.9803,152600
-117.95,34.03,35,804,159,727,179,2.7361,145700
-117.96,34.04,35,1141,212,924,212,3.1591,148300
-117.96,34.04,33,1458,268,1115,257,4.7955,158100
-117.94,34.04,34,1403,274,977,257,3.8409,163000
-117.94,34.02,27,5026,955,3899,930,3.871,162900
-117.95,34.02,19,1129,258,900,228,3.875,135600
-117.93,34.03,30,2246,446,1837,431,4.7917,164500
-117.93,34.04,30,1336,239,905,253,4.8854,178100
-117.9,34.05,33,629,76,253,75,7.6286,330400
-117.97,34,28,1983,375,1407,367,3.8319,179000
-117.98,33.99,26,3343,455,1429,457,7.0778,334300
-117.96,34,34,2777,540,1954,522,4.5163,183800
-117.74,34.06,4,1391,506,727,369,1.4722,137500
-117.75,34.05,27,437,108,469,97,1.7206,107500
-117.95,34.16,17,7116,1089,3538,1083,6.2654,273800
-117.94,34.14,33,1620,283,868,275,5.411,219400
-118.01,34.15,52,2234,472,986,439,3.9125,265500
-118.03,34.16,39,2731,366,1034,338,9.8098,500001
-118.05,34.14,39,2125,295,862,303,8.9728,500001
-118.06,34.14,42,2461,379,1179,360,7.0315,437300
-118.03,34.13,33,2352,373,995,359,4.9583,445700
-118.02,34.12,36,1471,246,751,230,5.4555,395100
-118.03,34.11,34,2837,460,1344,458,6.5722,437400
-118,34.13,24,2584,520,1869,503,3.2841,167000
-118.01,34.11,32,1978,536,826,470,2.5114,212200
-118.01,34.11,43,1858,345,1054,329,3.5625,211600
-118.03,34.1,31,2647,539,1473,520,3.94,223900
-118.05,34.11,48,1410,304,677,274,3.2596,272400
-118.06,34.1,43,1833,355,786,334,3.5761,256700
-118.07,34.09,40,1745,370,1293,357,2.5474,198100
-118.02,34.09,24,2080,514,1976,478,2.6917,170000
-118.01,34.1,27,2424,542,1713,557,3.8085,181400
-118.02,34.08,28,2769,631,2452,581,2.6071,175900
-118.06,34.08,37,778,205,850,198,2.5119,180500
-118.04,34.07,39,1382,315,1090,308,3.8125,174000
-118.01,34.06,26,557,153,455,196,2.7721,155400
-118.03,34.06,31,1513,389,1396,364,2.4706,170600
-118.03,34.06,24,2343,834,3537,824,2.1094,135200
-118.05,34.06,25,1022,291,1570,297,3.023,142000
-118.04,34.04,32,1619,323,1492,342,3.5,165100
-118.02,34.05,34,1610,513,2050,508,2.5562,156300
-118.13,34.2,46,1271,236,573,210,4.9312,240200
-118.14,34.2,39,2569,426,1282,432,5.0953,207400
-118.15,34.2,52,1786,306,1018,322,4.1518,182100
-118.15,34.18,46,2230,488,1985,456,2.2328,142100
-118.15,34.17,46,2553,558,1740,492,2.0278,127500
-118.16,34.19,42,2076,462,1641,436,2.2326,149200
-118.17,34.18,38,1280,231,828,237,4.375,166700
-118.14,34.19,49,1678,277,737,287,3.7222,237000
-118.12,34.18,44,2357,342,891,337,6.3467,352700
-118.14,34.17,42,2757,713,2112,653,2.7148,166800
-118.14,34.16,39,2776,840,2546,773,2.575,153500
-118.14,34.15,52,407,160,227,148,1.5156,187500
-118.12,34.16,30,1762,416,940,398,2.8631,188600
-118.12,34.15,22,1671,480,1005,443,3.0119,171400
-118.13,34.15,28,1119,334,739,323,2.5903,125000
-118.11,34.15,40,1950,509,1038,438,2.6172,196100
-118.09,34.15,46,271,74,150,55,2.2321,237500
-118.08,34.15,28,238,58,142,31,0.4999,500001
-118.08,34.13,46,1238,147,377,145,8.4546,500001
-118.11,34.14,44,3298,615,1417,643,4.1324,434800
-118.16,34.14,27,1551,254,816,233,8.2435,500001
-118.16,34.13,36,4003,647,1337,631,7.723,500001
-118.14,34.13,49,4438,803,1650,741,5.1072,479700
-118.15,34.13,34,824,224,430,213,3.6389,215000
-118.11,34.12,52,2954,371,1152,347,11.5609,500001
-118.14,34.11,52,2742,422,1153,414,8.1124,500001
-118.1,34.13,44,1917,265,754,257,12.4237,500001
-118.09,34.12,38,2638,432,1284,433,5.4536,342700
-118.08,34.13,28,4465,985,2273,949,3.5671,228500
-118.08,34.12,34,2921,641,1541,562,3.6827,264100
-118.08,34.1,32,2830,645,1500,527,3.0819,214600
-118.09,34.11,36,2966,527,1231,482,4.6442,316800
-118.1,34.1,52,1788,313,792,294,3.75,280000
-118.13,34.1,19,2742,756,1396,703,2.5663,197500
-118.15,34.12,36,6119,1513,2719,1402,3.8427,319700
-118.15,34.12,49,1789,288,848,311,6.0199,500000
-118.17,34.11,26,4971,996,2370,932,4.9676,381400
-118.15,34.08,44,1053,251,941,256,3.125,205600
-118.14,34.09,38,1745,457,1547,460,2.85,219000
-118.14,34.08,24,3988,1098,2909,1034,2.7036,170000
-118.13,34.08,40,1931,449,1367,446,2.575,228400
-118.1,34.1,29,1937,448,1352,433,3.81,234600
-118.07,34.1,34,2253,522,1262,511,3.4375,259800
-118.09,34.08,33,1430,344,1165,328,3.0357,206000
-118.13,34.08,35,2517,662,1883,607,2.5787,223000
-118.13,34.07,32,1880,428,1404,424,3.085,220500
-118.11,34.06,18,2609,721,2221,703,2.3224,192300
-118.14,34.06,37,1339,258,706,238,4.7569,253800
-118.15,34.05,33,3287,649,1783,653,3.8472,293300
-118.13,34.05,35,3229,616,1879,595,3.9531,268400
-118.14,34.05,39,1880,367,954,349,3.875,236400
-118.11,34.06,16,2416,565,1750,514,2.8229,163700
-118.1,34.08,21,1349,352,1188,330,2.5,182100
-118.11,34.05,23,3436,565,1729,529,5.9941,266700
-118.15,34.04,33,818,195,664,198,2.1944,203300
-118.14,34.04,43,1949,464,1216,457,3.3214,209300
-118,33.95,35,1431,210,505,213,6.8109,401000
-117.99,33.97,18,4078,484,1490,482,10.8034,500001
-118.03,34.01,10,6531,1036,2975,1018,6.2319,403700
-118.06,34.01,34,1962,396,1488,332,3.9091,155100
-118.09,34,36,1722,353,1174,335,3.045,160600
-118.09,33.99,34,1369,270,1005,272,3.692,172600
-118.08,33.98,36,1492,282,1041,270,4.0677,165800
-118.08,34,32,1165,358,997,361,0.9817,166300
-118.03,33.97,39,2126,434,1103,433,3.2852,196200
-118.03,33.97,22,2185,623,1644,606,2.593,192000
-118.02,33.95,38,2139,426,1138,412,4.2917,168900
-118.05,33.98,34,2142,390,1305,406,4.0379,172800
-118.06,33.97,39,1639,300,988,309,3.9612,175800
-118.08,33.97,35,825,155,590,144,4.6333,161200
-118.1,33.97,35,2426,529,2010,514,2.9922,163500
-118.1,33.98,34,1357,310,1042,287,3.4083,156700
-118.11,33.97,33,2125,500,1672,476,3.6397,166600
-118.11,33.98,36,446,108,410,117,3.3942,147200
-118.09,33.95,36,1991,396,1306,403,4.5,166600
-118.1,33.96,38,1657,335,1195,309,4.1711,160100
-118.08,33.96,35,2104,399,1659,387,4.0096,165000
-118.05,33.93,35,2107,480,2241,443,3.1513,150000
-118.03,33.92,30,1414,332,1307,315,3,158300
-118.02,33.93,35,2400,398,1218,408,4.1312,193800
-117.98,33.94,32,2562,491,1222,446,4.0985,226200
-117.99,33.93,33,2299,431,1049,447,3.6458,208100
-118.01,33.94,35,1323,235,807,247,4.2708,174800
-117.99,33.93,36,1287,233,779,229,4.8523,175800
-118,33.93,35,802,153,445,150,5.0077,185000
-118,33.92,26,2830,399,1204,404,6.1273,289600
-118,33.9,35,1942,332,1127,325,4.5144,206300
-118.02,33.91,35,1337,234,692,235,5.1155,213700
-118.09,34.02,28,1984,313,1099,343,4.5526,250200
-118.1,34.01,23,1724,576,1336,542,1.3365,183300
-118.15,34.02,43,2172,605,2386,597,2.8239,150600
-118.16,34.04,45,332,70,302,60,3.1895,156300
-118.16,34.04,22,2991,791,2486,754,1.5078,181900
-118.16,34.04,38,1076,286,1535,323,2.7026,145000
-118.17,34.04,38,385,102,402,95,1.625,129700
-118.17,34.04,46,705,167,655,149,3.5938,141100
-118.17,34.05,35,1256,294,2990,302,3.1528,121800
-118.18,34.05,52,1070,231,925,220,1.825,133000
-118.19,34.04,34,1011,274,1164,262,2.8542,146900
-118.18,34.03,40,2631,698,2920,677,2.0764,145600
-118.18,34.03,44,1629,420,1893,387,2.2991,137500
-118.16,34.03,45,894,231,925,222,2.6042,145000
-118.13,34.02,36,984,275,1024,284,2.125,153500
-118.13,34.01,45,1179,268,736,252,2.7083,161800
-118.15,33.98,17,3361,925,3264,914,2.2813,145600
-118.23,33.99,37,378,176,714,156,2.1912,112500
-118.23,33.98,30,2562,959,3909,955,1.9929,150600
-118.22,33.98,32,2643,737,2784,711,2.5352,184400
-118.23,33.98,35,1366,496,2160,497,2.2059,150000
-118.2,33.99,31,1186,387,2087,409,1.9132,154600
-118.2,33.98,43,1091,320,1418,316,2.1522,159400
-118.19,33.97,30,1790,556,1827,520,1.7562,181300
-118.17,33.98,41,428,111,585,139,3.1786,132100
-118.17,33.98,36,627,177,834,175,2.9844,163600
-118.15,33.97,32,1174,373,1758,361,2.4263,158100
-118.16,33.97,30,2419,715,3208,719,2.1743,176000
-118.14,33.97,31,2064,612,2461,573,2.0524,160800
-118.16,33.97,13,221,63,286,64,1.9063,175000
-118.17,33.96,29,2913,787,3803,740,2.5556,146500
-118.18,33.96,20,427,118,402,105,1.4167,137500
-118.19,33.96,28,3507,969,3740,970,2.0162,142000
-118.22,33.97,43,381,67,259,60,3.0313,166100
-118.23,33.96,44,3186,876,3913,842,3.0143,148200
-118.23,33.97,47,932,295,1226,264,1.6065,111400
-118.24,33.97,37,1053,263,1354,292,2.5833,112500
-118.25,33.97,39,1346,380,1520,356,1.1635,108700
-118.25,33.97,38,1231,346,1217,354,1.8661,106600
-118.25,33.96,42,1326,295,918,258,2.3864,98800
-118.25,33.95,48,1766,424,1655,420,0.9751,95500
-118.22,33.96,36,1542,458,1711,468,1.9028,164200
-118.22,33.96,35,1437,474,2113,484,2.6179,158800
-118.21,33.96,43,1686,446,1590,474,2.3241,159300
-118.21,33.95,35,2134,650,2248,587,2.2988,153400
-118.19,33.95,42,2309,685,2609,673,2.7206,162100
-118.18,33.94,44,1337,245,968,240,3.4688,183600
-118.17,33.95,23,1991,584,1380,535,1.9107,181900
-118.17,33.92,36,2447,503,1532,498,4.3667,171800
-118.17,33.92,43,2099,398,1276,387,3.1528,166800
-118.21,33.94,34,892,318,1443,341,2.1903,162500
-118.23,33.93,37,239,49,308,52,1.4028,105400
-118.25,33.93,38,180,43,246,56,2.85,90000
-118.25,33.92,44,1737,363,1184,343,2.5363,95900
-118.27,33.91,32,2238,471,1292,467,1.1705,110600
-118.27,33.87,21,6108,1130,3244,1113,4.2768,181400
-118.25,33.9,42,1386,320,1163,319,2.4271,89500
-118.24,33.91,38,745,152,721,160,1.875,102900
-118.23,33.91,33,677,182,984,174,2.5893,88900
-118.23,33.91,34,789,200,1041,191,3.119,90300
-118.22,33.92,32,1263,333,1789,346,1.9957,89300
-118.2,33.9,26,1000,275,1178,263,2.12,105000
-118.2,33.92,39,1050,217,895,207,3.1538,155600
-118.19,33.9,36,1073,271,1385,288,2.3214,104800
-118.19,33.9,32,2762,652,2677,632,2.5719,105600
-118.19,33.9,36,2326,543,2073,494,1.9952,112900
-118.22,33.89,41,990,228,776,207,2.125,120200
-118.23,33.89,16,5003,1180,4145,1159,2.1389,133400
-118.22,33.91,27,500,159,732,162,2.7426,103100
-118.25,33.9,37,2119,442,1372,406,1.9605,106200
-118.23,33.84,25,1106,207,888,216,5.3307,207000
-118.24,33.83,22,7368,1367,4721,1342,4.8438,213100
-118.28,33.84,27,2326,533,1697,546,3.8633,187900
-118.29,33.84,11,2274,617,1897,622,3.5094,162900
-118.27,33.81,10,1881,571,1769,553,3.9286,114000
-118.27,33.84,24,6303,1277,3728,1252,3.9227,208600
-118.09,33.92,31,1983,419,1157,390,3.5455,168300
-118.11,33.92,34,1414,263,983,264,4.1767,156600
-118.12,33.96,38,2105,348,956,350,4.4125,246000
-118.12,33.94,33,2394,576,1166,548,2.7317,264700
-118.13,33.93,38,2040,458,1775,445,3.5227,202400
-118.14,33.94,35,2987,601,1561,606,4.0039,226500
-118.12,33.91,35,620,122,381,124,3.7917,183900
-118.09,33.91,36,1442,271,990,268,4.0517,162200
-118.07,33.91,29,2387,570,1978,548,3.1957,159200
-118.08,33.89,28,1035,275,1545,269,3.0357,123400
-118.08,33.9,42,1768,372,1155,368,3.558,161100
-118.1,33.9,43,1237,243,776,246,4.325,166000
-118.1,33.89,35,994,203,602,185,3.5865,178000
-118.11,33.9,35,1323,269,1084,240,5.0753,178000
-118.11,33.9,36,1347,278,748,278,5.1423,183100
-118.14,33.9,26,2145,471,1150,429,3.5972,225800
-118.14,33.91,34,1766,410,974,404,3.0703,180800
-118.16,33.91,35,1403,338,1415,367,3.0967,144000
-118.17,33.91,37,1499,288,1237,344,3.9333,162300
-118.16,33.89,38,483,113,389,108,2.1859,143800
-118.15,33.89,30,4426,995,4196,921,3.274,148300
-118.14,33.89,33,2867,786,1774,705,2.9292,183400
-118.12,33.89,29,2666,848,2030,781,2.5432,180900
-118.13,33.89,29,2823,737,1723,678,2.7121,165500
-118.04,33.86,21,2870,437,1671,470,7.2628,322700
-118.06,33.85,16,4851,726,2527,704,6.0142,437400
-118.1,33.88,18,8046,1221,4276,1228,6.5515,319600
-118.09,33.85,19,8120,1371,5026,1345,6.3093,286500
-118.09,33.87,31,3498,728,2098,697,3.9837,246000
-118.09,33.84,23,4412,910,2380,825,4.54,213100
-118.08,33.85,22,1055,204,682,216,6,191300
-118.08,33.83,30,2188,556,2727,525,2.7759,136800
-118.15,33.86,36,1578,312,827,311,4.8942,194100
-118.19,33.87,35,1769,436,1166,386,2.875,178300
-118.19,33.86,46,1824,438,1200,451,3.4375,156700
-118.17,33.87,48,2258,509,1395,492,3.765,164800
-118.18,33.86,39,2925,732,1702,642,2.375,160800
-118.1,33.85,28,2825,470,1352,469,5.2639,242000
-118.11,33.85,36,887,163,482,157,4.125,219500
-118.1,33.84,36,1557,270,697,251,4.5417,219600
-118.11,33.84,37,1588,272,692,245,4.8594,220300
-118.11,33.84,36,1756,297,798,287,5.5581,218300
-118.14,33.84,44,3043,619,1316,607,4.4286,254900
-118.19,33.84,44,2731,577,1396,555,4.1771,219100
-118.18,33.85,30,2548,717,2086,700,0.7007,134400
-118.17,33.83,45,1808,315,800,302,4.8693,277700
-118.2,33.82,43,1758,347,954,312,5.2606,198900
-118.21,33.82,43,1005,199,723,191,4.3424,162500
-118.22,33.8,36,1285,347,1291,337,3.7708,157100
-118.19,33.79,43,1823,600,2339,560,1.6792,130600
-118.16,33.79,25,5463,1265,3010,1179,3.233,199100
-118.13,33.83,45,3087,574,1474,567,5.5196,227600
-118.11,33.82,36,1999,390,887,379,3.8162,221900
-118.1,33.83,36,2000,343,956,352,5.3735,234400
-118.12,33.81,36,2565,458,1155,443,4.6087,224600
-118.13,33.81,37,1228,237,572,242,4.325,223900
-118.13,33.82,36,665,114,273,112,3.7321,223700
-118.09,33.81,36,1371,250,666,257,5.0795,243300
-118.11,33.8,35,1034,180,444,177,5.4602,231600
-118.13,33.78,31,3039,739,1199,697,3.7232,500001
-118.14,33.79,23,2573,688,1478,604,3.4833,209400
-118.14,33.78,44,2101,496,1038,500,3.108,217900
-118.16,33.79,25,3742,1180,3916,1063,2.4,153700
-118.17,33.79,30,1349,519,2646,552,1.9318,115900
-118.18,33.78,36,1697,550,1379,434,1.2746,129700
-118.19,33.79,30,3107,994,3543,850,1.9387,141700
-118.21,33.79,44,121,29,153,30,2.1964,150000
-118.19,33.76,25,1442,392,632,385,4.6629,162500
-118.18,33.77,39,1645,547,1339,499,1.5536,155000
-118.18,33.78,52,1180,381,1046,332,1.5603,162500
-118.19,33.78,31,1648,484,898,457,1.5844,162500
-118.19,33.78,42,1021,300,533,187,1.8036,175000
-118.17,33.78,44,2364,746,3184,672,1.918,147500
-118.17,33.77,39,2953,878,1379,785,2.1378,180400
-118.17,33.77,12,4409,1401,3068,1262,2.2808,154700
-118.18,33.77,37,2653,754,1087,698,2.3523,325000
-118.16,33.77,38,3235,769,1284,752,2.9384,304100
-118.16,33.78,39,4075,1085,2470,1025,2.3317,222500
-118.15,33.78,13,3056,861,1600,824,3.3003,207800
-118.16,33.72,29,2743,708,1059,651,3.625,500000
-118.14,33.76,50,2960,761,1179,718,3.5214,398100
-118.33,33.34,52,2359,591,1100,431,2.8333,414700
-118.3,33.95,36,1786,418,1367,393,1.5078,99600
-118.29,33.94,38,2407,630,1774,562,1.5615,108600
-118.3,33.94,36,3504,862,2521,836,2.5679,114900
-118.29,33.94,32,2701,708,1880,590,1.6716,123800
-118.31,33.94,44,1854,367,976,335,3.6583,126700
-118.31,33.94,40,1917,438,1021,383,2.2448,175000
-118.31,33.94,40,1323,243,684,229,3.2206,145800
-118.31,33.93,42,1173,201,602,186,5.5787,142000
-118.33,33.94,31,3757,1102,3288,964,1.9309,137500
-118.32,33.96,47,1297,292,704,264,3.3214,166500
-118.35,33.97,33,1495,474,1272,447,2.0694,143500
-118.36,33.96,37,2146,573,2009,592,3.6583,177300
-118.36,33.94,33,939,284,1309,250,3.4063,152300
-118.35,33.94,36,2225,601,2755,610,2.5547,150400
-118.35,33.93,31,2746,697,1973,598,3.5139,192800
-118.36,33.92,26,3695,1144,2308,1009,2.6667,229300
-118.36,33.93,19,3103,918,2033,738,2.6961,212500
-118.36,33.9,42,1935,388,1136,379,4.74,230000
-118.35,33.91,25,1884,554,1337,549,2.8512,272800
-118.36,33.91,36,2064,474,1366,421,4.1,243100
-118.33,33.91,39,1224,312,1106,333,3.3491,181800
-118.29,33.92,34,1799,362,1293,355,3.692,145200
-118.29,33.89,33,2138,567,1072,528,2.7428,208900
-118.3,33.88,30,1348,333,885,322,3.2574,195300
-118.32,33.89,44,1300,252,695,249,5.1669,220600
-118.35,33.89,29,2940,708,2175,684,3.6486,229000
-118.35,33.9,22,1127,287,697,241,3.3971,220300
-118.36,33.88,28,1313,319,827,308,2.65,260800
-118.35,33.89,25,1769,440,1371,414,3.0833,232700
-118.3,33.74,40,1896,416,950,383,2.425,255000
-118.4,33.92,25,1453,271,695,283,5.9499,345800
-118.4,33.93,35,2217,447,1000,450,4.7319,376100
-118.38,33.89,35,1778,330,732,312,6.5745,379300
-118.36,33.88,44,1362,237,709,247,4.4271,336200
-118.38,33.88,27,3039,606,1421,564,5.5771,345500
-118.36,33.87,17,1082,291,598,281,3.9868,281900
-118.38,33.86,29,2787,475,1182,444,6.7613,352700
-118.39,33.88,31,1448,244,607,259,8.1513,500001
-118.4,33.88,36,3022,482,1278,494,7.2651,500001
-118.41,33.88,43,2492,449,1033,437,7.9614,500001
-118.4,33.87,26,6712,1441,2803,1394,5.2276,434500
-118.38,33.85,31,3533,729,1647,679,5.5843,384600
-118.38,33.83,20,2270,498,1070,521,4.4615,384800
-118.32,33.87,28,3763,762,1967,724,5.3244,271900
-118.31,33.87,27,3348,695,1545,625,4.7543,296300
-118.34,33.87,28,2948,566,1445,524,5.3743,286500
-118.36,33.86,37,1249,218,583,214,5.7422,330700
-118.36,33.85,34,1086,197,509,158,6.1133,349300
-118.36,33.84,35,1577,279,743,274,5.7654,343000
-118.36,33.83,35,1378,247,645,217,5.9143,343400
-118.33,33.83,5,13038,2679,5272,2523,5.5023,286400
-118.32,33.85,42,3146,770,1859,740,3.5073,234800
-118.31,33.82,35,3462,814,1902,700,3.402,279900
-118.37,33.82,36,2463,447,1125,424,6.0176,352700
-118.36,33.82,36,1083,187,522,187,5.7765,339500
-118.36,33.81,25,9042,2022,4458,1944,4.5592,378800
-118.37,33.81,36,1283,209,563,209,6.9296,500001
-118.39,33.81,35,1008,165,391,167,3.7778,487500
-118.34,33.8,34,1730,427,1008,393,3.9408,327700
-118.31,33.78,30,4573,819,2411,819,3.5804,383800
-118.36,33.79,34,5166,704,2071,668,8.3609,500001
-118.38,33.8,36,4421,702,1433,624,8.0838,500001
-118.42,33.78,36,2093,303,802,300,8.0957,500001
-118.34,33.76,34,5586,674,1871,636,15.0001,500001
-118.39,33.71,18,1193,233,475,228,7.5594,500001
-118.34,34.09,37,1442,501,998,503,2.4432,200000
-118.36,34.09,36,1616,465,773,429,2.6,313600
-118.36,34.09,33,3463,1170,1845,1134,2.0205,243800
-118.37,34.09,33,3180,865,1347,841,4.0651,500001
-118.4,34.08,52,3815,439,1266,413,15.0001,500001
-118.38,34.06,52,1311,217,578,205,7.6771,500001
-118.41,34.06,43,2665,556,1015,506,4.1411,500001
-118.5,34.03,52,1711,245,671,242,7.7572,500001
-118.52,34.02,24,7418,1755,2713,1577,5.0867,500001
-118.49,34.02,28,2545,752,1548,679,2.9125,475000
-118.47,34.03,31,2642,681,1303,625,3.5987,340500
-118.48,34.02,22,1249,483,1106,481,2.5261,375000
-118.48,34.02,29,1585,542,1019,487,2.7072,375000
-118.48,34.01,40,2198,611,1023,567,3.755,398300
-118.46,34.01,48,1640,322,664,301,4,500001
-118.46,34.01,46,1379,239,688,269,6.8901,500001
-118.38,34.01,18,9528,2075,3922,1920,4.7612,304100
-118.4,34.01,44,1494,262,618,266,5.4035,356300
-118.4,34,34,1816,335,872,339,4.85,329400
-118.41,34.01,33,3306,974,2475,924,2.8797,285300
-118.42,34,33,1139,299,734,257,3.2708,325000
-118.43,34,37,1340,358,1008,340,3.7614,314300
-118.34,33.99,48,1172,205,497,190,3.825,183000
-118.35,34,40,2894,395,1063,409,6.939,372000
-118.59,34.11,35,2396,472,1054,457,6.4504,407000
-118.63,34.11,35,3795,690,1521,653,5.8735,448100
-118.67,34.16,17,16544,2206,6214,2118,9.1228,500001
-118.12,34.69,17,2479,390,1219,363,4.6417,125700
-118.14,34.68,33,2815,485,1447,489,4.2679,119600
-118.16,34.68,17,2994,832,1571,695,2.5902,85400
-118.14,34.71,32,1164,248,588,270,1.1917,86900
-118.14,34.7,12,1984,614,1071,574,1.2532,102100
-118.16,34.6,2,11008,1549,4098,1367,6.4865,204400
-118.15,34.59,33,2111,429,1067,397,3.7344,111400
-118.22,34.63,4,14348,2145,5839,1806,5.3799,222400
-118.21,34.64,16,2573,427,1273,426,5.9508,181100
-118.07,34.58,34,3416,601,1929,567,4.0147,107400
-118.06,34.58,36,1493,258,899,260,3.86,109300
-118.07,34.56,5,10264,1821,5871,1790,4.2329,145500
-118.22,34.52,7,4524,735,2298,717,6.5538,311600
-117.96,34.48,32,1896,342,806,299,4.5769,159400
-118.52,34.46,5,15341,2527,7270,2320,6.1281,236200
-118.54,34.37,27,2051,301,917,287,7.6059,323700
-118.55,34.37,21,7010,1063,3331,1038,6.776,278100
-119.53,37.34,26,4047,702,571,199,2.3482,179500
-119.66,37.39,10,2106,410,1003,397,2.7813,124100
-120.35,37.04,37,1495,292,858,275,2.9306,46300
-120.43,36.99,16,1027,199,673,193,2.9688,63800
-120.06,36.95,24,646,134,454,149,2.125,61900
-120.04,36.93,11,3606,699,2074,644,2.6941,63300
-120.09,37,11,3761,675,2374,673,3.4598,74600
-120.02,36.95,25,2115,482,1976,474,1.8431,53900
-119.87,36.93,13,1429,209,702,205,4.3625,111800
-119.98,36.9,26,1284,239,820,254,2.5833,62300
-120.13,36.87,32,2089,468,1765,427,2.234,61700
-122.54,38.14,16,4431,603,1659,630,7.5412,392100
-122.6,38.11,19,1752,328,873,336,3.8068,201600
-122.55,38.07,5,1495,235,555,201,6.7232,345000
-122.53,38.01,16,1495,292,472,284,3.4432,67500
-122.44,38.03,13,4284,1042,2146,937,4.1289,179200
-122.54,38,28,3416,826,1694,800,3.18,277000
-122.52,37.98,31,6555,1571,2962,1464,2.8903,324200
-122.54,37.98,52,1758,316,607,264,5.5083,371900
-122.55,37.99,34,3306,555,1398,585,4.8993,319900
-122.54,37.97,39,4193,762,1833,737,5.6263,352100
-122.64,38.01,36,1199,232,551,229,3.7321,266700
-122.61,37.99,40,7737,1488,3108,1349,4.4375,289600
-122.59,38.01,35,8814,1307,3450,1258,6.1724,414300
-122.58,37.98,52,1180,216,467,197,4.9615,292200
-122.52,37.95,33,4448,631,1675,628,7.8904,468800
-122.53,37.95,22,7446,1979,2980,1888,3.5838,271300
-122.53,37.92,42,1741,301,723,306,5.5379,410500
-122.53,37.93,37,1722,352,648,337,4.125,310300
-122.52,37.92,47,793,163,334,151,5.8509,317800
-122.5,37.92,32,2639,415,1013,408,6.1632,349200
-122.5,37.91,31,7001,1282,2755,1267,5.4851,441100
-122.49,37.89,23,1650,403,541,336,6.0238,500001
-122.53,37.91,37,2524,398,999,417,7.9892,500001
-122.52,37.9,16,1704,402,689,348,4.4239,267100
-122.56,37.9,36,1760,283,562,246,6.7546,402400
-122.47,37.85,19,1926,593,881,546,2.9145,140400
-122.48,37.85,42,6297,1307,2096,1205,6.4752,500001
-122.49,37.85,38,240,29,63,34,12.2547,500001
-122.68,38.07,26,1445,244,510,207,5.6305,430000
-119.64,37.61,30,2857,661,291,135,2.6838,164600
-123.15,39.74,23,608,143,281,108,2.9306,70000
-123.24,39.81,25,1435,304,746,259,1.7788,57900
-123.58,39.66,15,1839,489,887,332,2.2429,100000
-123.8,39.47,28,2492,507,1202,460,2.7857,150300
-123.79,39.44,16,2017,423,1177,414,3.2171,116200
-123.35,39.42,18,1619,346,904,295,2.1625,77200
-123.23,39.33,20,804,121,448,140,3.9632,147100
-123.22,39.28,16,5569,1106,3148,1088,3.1455,142900
-123.21,39.2,17,3145,693,1560,647,2.2926,149300
-123.19,39.21,22,1542,291,821,285,3.5917,118800
-123.2,39.23,26,786,168,494,161,2.3583,105400
-123.69,38.9,17,2206,478,1140,428,2.1985,95300
-123.54,39.17,18,2251,510,1032,369,2.2946,101000
-123.36,39.01,35,1551,321,857,288,2.7232,115400
-123.21,39.18,17,2772,576,1501,584,2.6275,142100
-123.21,39.07,17,1890,342,877,312,3.7833,159800
-123.21,39.15,52,1370,258,617,228,2.55,112900
-123.17,39.18,14,2240,327,1030,308,5.9585,214900
-123.1,38.97,36,1211,247,697,251,2.5761,94900
-120.79,37.43,17,2534,517,1764,502,2.8519,80700
-120.69,37.4,46,860,130,496,147,3.5167,137500
-120.72,37.38,22,1311,319,1455,340,2.2813,67300
-120.64,37.38,21,3157,637,2268,620,2.567,70400
-120.62,37.37,8,2608,428,1530,435,3.968,102100
-120.6,37.34,34,1830,431,1304,415,2.1182,68900
-120.57,37.35,18,704,176,520,154,3.003,101300
-120.5,37.37,18,8606,1678,5303,1644,2.4012,79700
-120.49,37.32,13,3474,927,2149,821,1.9528,85300
-120.48,37.31,42,2361,512,1684,511,2.355,75600
-120.5,37.31,36,2162,433,1048,451,2.6797,81800
-120.49,37.3,50,985,309,621,250,1.3125,60900
-120.48,37.29,17,2266,693,3200,664,1.5635,60400
-120.47,37.28,19,1548,319,1227,309,1.7756,73300
-120.46,37.29,30,2972,635,1940,590,2.3594,72300
-120.31,37.29,40,1542,341,1283,341,1.6929,55900
-121,37.25,31,1923,341,806,349,3.1738,97600
-120.65,37.09,22,886,173,595,161,2.4398,150000
-120.63,36.98,20,2380,489,1581,505,2.0595,61300
-120.08,41.79,34,1355,262,434,178,2.0903,56100
-119.3,38.26,19,3325,660,750,286,2.9509,114800
-118.96,37.64,11,3934,697,901,345,4.2381,242700
-119.02,37.64,14,5919,1278,265,112,3.2431,221400
-118.98,37.65,18,1795,416,483,208,4.5375,169800
-118.99,37.65,20,2474,625,338,141,5.01,195500
-118.99,37.63,10,7744,1573,483,224,3.2917,231800
-121.62,36.74,30,1337,253,838,247,5.0374,165400
-121.61,36.67,39,3260,821,3130,793,2.5224,119200
-121.62,36.67,31,2697,690,2220,665,2.5329,135200
-121.66,36.69,6,10613,2485,7249,2375,3.7912,168900
-121.72,36.81,18,1984,379,1078,359,3.2969,229900
-121.64,36.82,18,1819,283,919,295,4.1696,222500
-121.6,36.81,18,1575,230,751,219,5.2203,286500
-121.7,36.67,37,641,129,458,142,3.3456,252600
-121.69,36.62,19,1907,323,681,270,6.0332,244900
-121.59,36.55,34,737,140,362,138,5.1788,270000
-121.42,36.57,13,2685,621,2474,573,2.8775,134100
-121.32,36.43,22,2927,637,2546,618,2.7153,114300
-121.33,36.43,40,622,194,902,196,2.625,109100
-121.26,36.32,30,146,41,164,40,2.3,206300
-121.24,36.33,13,1642,418,1534,388,3.1222,125500
-121.24,36.34,33,1691,308,792,262,2.6648,164600
-121.13,36.21,34,2504,550,1810,547,3.4821,113700
-121.13,36.2,16,1868,443,1323,436,2.9559,163200
-121.2,36.14,12,3738,710,2337,664,3.9647,135000
-121.92,36.55,52,2616,483,582,313,3.275,500001
-121.95,36.59,22,3553,530,1108,441,5.8505,417100
-121.93,36.6,33,3455,683,1704,663,4.0154,225700
-121.92,36.62,52,1001,191,425,184,3.7614,241700
-121.92,36.62,52,867,199,391,187,2.6713,234600
-121.92,36.62,52,728,161,313,142,3.4327,254500
-121.91,36.63,42,817,194,391,193,2.1776,279200
-121.92,36.63,36,877,175,349,168,3.4167,339100
-121.92,36.61,21,1242,340,834,362,2.4922,243800
-121.89,36.59,18,2700,937,1042,744,3.1364,150000
-121.86,36.6,33,1409,307,633,290,3.5568,191200
-121.85,36.59,42,891,203,525,212,3.3156,186300
-121.84,36.59,34,3852,733,1661,696,4.3269,221300
-121.79,36.68,22,6912,1513,3794,1455,3.0608,168300
-121.8,36.72,14,2493,407,1296,418,5.4508,190000
-122.29,38.29,52,3217,742,1670,671,2.4398,163100
-122.3,38.29,40,1739,318,744,312,2.6518,156100
-122.27,38.29,36,1446,306,678,295,2.8409,153000
-122.28,38.3,23,526,152,245,130,2.0134,142500
-122.3,38.31,34,1797,395,1162,407,3.455,137500
-122.31,38.32,33,2463,421,1235,465,3.7045,161500
-122.32,38.32,19,2922,417,1221,442,5.8002,238700
-122.31,38.3,45,3023,659,1789,657,3.6039,126000
-122.31,38.27,34,1748,284,783,303,4.3585,194400
-122.23,38.33,31,3440,574,1538,537,5.5368,325900
-122.48,38.51,49,1977,393,741,339,3.1312,247600
-122.4,38.53,24,1741,289,564,231,3.6118,248400
-122.26,38.57,22,509,103,139,73,2.1979,152800
-122.59,38.56,43,2088,379,721,293,4.65,245000
-121.07,39.15,15,6828,1319,3002,1318,2.4726,143400
-121.06,39.03,11,1887,303,775,283,3.8417,187200
-121.22,39.11,14,1405,269,660,228,3.0804,156800
-121.21,39.24,7,4194,673,1355,566,4.3702,226100
-121.16,39.18,14,1006,187,462,185,3.1042,152000
-121.09,39.22,25,2200,439,1045,419,2.6042,116700
-121.04,39.22,14,1889,471,853,399,2.25,112500
-121.06,39.29,14,1864,331,894,332,3.4028,171800
-120.91,39.39,16,352,105,226,82,1.6094,79500
-120.09,39.4,17,1076,283,171,64,2.125,83900
-120.17,39.32,14,2421,489,1000,354,3.5652,119800
-120.17,39.33,10,614,141,195,95,0.9283,116300
-117.97,33.93,33,1700,369,981,362,4.5461,194000
-117.96,33.93,31,1471,321,841,330,3.46,232800
-117.95,33.92,13,2312,592,2038,559,3.1378,137000
-117.93,33.93,37,1128,273,931,234,2.8,137500
-117.92,33.93,12,4415,890,1532,854,3.75,166300
-117.9,33.92,27,698,116,391,126,5.9177,267600
-117.89,33.92,34,1473,312,1025,315,3.8333,170400
-117.89,33.92,14,1562,373,609,328,2.3935,125000
-117.89,33.9,23,1533,226,693,230,7.898,258200
-117.92,33.91,27,2558,310,891,316,9.5561,411800
-117.89,33.89,17,1671,192,678,206,13.1107,467600
-117.95,33.89,17,1665,247,755,254,6.5764,349000
-117.96,33.86,35,2146,430,1230,429,3.7813,184900
-117.95,33.87,35,1854,383,1115,381,4.4784,185200
-117.95,33.88,34,1939,355,817,314,3.6705,275000
-117.94,33.87,46,2066,450,1275,448,3.9375,187000
-117.9,33.88,35,2062,353,991,357,5.2897,230400
-117.89,33.87,32,1133,216,693,228,3.3594,202100
-117.89,33.87,32,1569,422,835,386,3.0465,148900
-117.93,33.86,35,931,181,516,174,5.5867,182500
-117.88,33.89,17,3218,923,1701,824,3.6946,265500
-117.86,33.91,16,2889,423,1227,401,6.4514,270800
-117.87,33.88,24,2655,702,1519,708,3.3036,183900
-117.87,33.85,33,45,11,34,10,5.2949,350000
-117.85,33.89,22,4020,655,1486,635,5.9639,262300
-117.85,33.9,20,4026,648,1997,650,5.5918,260500
-117.85,33.89,24,3326,503,1616,494,5.7457,240600
-117.87,33.87,7,2663,642,1367,677,4.6563,162400
-117.82,33.89,21,3079,509,1431,480,4.0714,278900
-117.84,33.89,19,3544,542,1787,560,6.7837,264300
-117.88,33.92,13,3292,727,1565,698,5.457,308800
-117.78,33.87,16,5609,952,2624,934,5.3307,169600
-117.82,33.85,18,1810,305,1189,326,5.2227,213500
-117.82,33.84,25,1788,203,676,217,10.1299,454300
-117.78,33.85,16,3781,504,1665,499,7.2554,335600
-117.79,33.8,11,10535,1620,4409,1622,6.67,283200
-117.76,33.83,15,3086,457,1262,436,6.4415,300700
-117.66,33.61,16,2022,254,789,270,8.4112,286900
-117.67,33.61,24,3859,661,1972,624,5.7871,227400
-117.66,33.59,18,4552,706,1918,671,7.5791,288100
-117.69,33.61,16,3010,580,1649,538,4.0221,236200
-117.66,33.64,17,3173,501,1555,520,6.7079,250800
-117.67,33.64,11,2722,554,1565,508,5.1645,164100
-117.65,33.63,16,3388,425,1395,427,8.4471,351300
-117.64,33.63,10,4814,643,1808,588,8.798,436600
-117.65,33.58,2,2411,354,703,217,7.8061,331400
-117.55,33.52,15,426,62,133,45,5.136,447400
-117.59,33.61,3,2993,429,991,390,10.0765,378200
-117.63,33.38,12,5744,1054,2104,847,5.1482,500001
-117.65,33.4,17,2737,654,910,492,3.5729,370800
-117.62,33.43,23,4052,955,1950,859,4.0647,240600
-117.61,33.43,24,2303,399,851,379,3.9875,346500
-117.59,33.43,14,3223,484,1230,488,6.5964,358800
-117.63,33.5,12,3619,536,1506,492,7.2013,353600
-117.65,33.45,15,7468,1275,3033,1217,5.49,239300
-117.68,33.49,16,3084,724,2557,690,2.8357,106300
-117.68,33.49,18,4173,625,1649,634,6.3568,294300
-117.69,33.47,13,2020,378,679,290,5.756,305600
-117.66,33.5,16,1956,346,862,326,4.4732,186300
-117.72,33.43,5,1889,359,616,246,3.8992,500001
-117.68,33.54,5,2840,403,1363,403,7.618,341400
-117.7,33.53,5,6698,1254,2834,1139,5.9088,288500
-117.71,33.52,17,2486,417,876,361,6.1007,340900
-117.71,33.51,12,4676,698,1543,598,6.379,500001
-117.7,33.57,9,1204,355,469,293,3.6196,119900
-117.7,33.5,4,7474,1037,2969,1007,8.7591,434700
-117.71,33.47,14,3894,672,1490,629,6.5206,368500
-117.77,33.71,15,2102,295,1060,303,7.3141,337100
-117.71,33.63,16,1641,354,945,318,3.4261,219700
-117.74,33.73,18,328,68,391,60,4.1167,87500
-117.64,33.68,4,5687,970,2677,938,6.5069,243400
-117.7,33.64,15,5743,773,2380,773,8.1926,326600
-117.78,33.69,16,4702,806,2529,814,5.1299,238900
-117.78,33.69,16,3400,501,1575,488,6.0961,295500
-117.81,33.67,8,2098,342,908,329,7.7589,342900
-117.81,33.67,9,3279,530,1447,510,7.4581,296600
-117.81,33.68,8,1964,413,913,406,5.1583,192200
-117.81,33.68,4,1545,304,788,296,4.5469,500001
-117.77,33.71,13,1939,247,928,244,8.1111,379800
-117.78,33.7,16,1663,250,597,204,5.409,233900
-117.79,33.69,15,1875,316,890,316,6.5783,244800
-117.83,33.66,15,2355,438,747,450,6.5356,272800
-117.83,33.66,16,1574,385,515,363,5.3423,291700
-117.87,33.61,25,2267,359,866,348,7.79,500001
-117.78,33.51,44,1833,331,515,268,6.6178,500001
-117.72,33.62,21,2322,518,662,457,3.1679,110000
-117.75,33.61,17,2499,566,781,522,3.1779,186500
-117.75,33.61,16,2270,488,709,489,3.2845,227600
-117.7,33.61,16,2371,725,1738,686,3.6484,322600
-117.72,33.61,26,2033,463,618,450,2.5685,80400
-117.84,33.66,5,1688,430,857,402,3.7857,231600
-117.83,33.66,4,1011,198,511,198,7.9217,296200
-117.83,33.65,8,2149,426,950,399,4.1103,250400
-117.8,33.63,15,3236,451,1289,416,11.1121,493000
-117.87,33.6,20,3212,572,1064,526,6.6155,500001
-117.87,33.6,33,3120,602,1155,553,5.2949,500001
-117.87,33.6,34,3415,779,1275,718,4.498,482900
-117.91,33.61,38,1232,178,410,171,11.075,500001
-117.92,33.61,37,1244,173,394,154,10.3682,500001
-117.92,33.61,36,1025,150,316,126,10.3048,500001
-117.91,33.61,36,3082,455,771,365,11.216,500001
-117.89,33.62,24,1016,238,465,236,3.0625,93800
-117.89,33.6,40,1639,352,498,278,5.6336,500001
-117.87,33.64,26,3521,455,1336,451,10.2849,500001
-117.91,33.61,27,1797,343,435,203,5.9196,500001
-117.92,33.61,18,1538,425,425,288,5.3369,312500
-117.94,33.65,20,5476,1073,2327,963,5.6637,222100
-117.94,33.64,24,1097,307,470,333,1.6389,225000
-117.92,33.64,5,949,287,497,244,2.75,225000
-117.92,33.65,28,1087,423,807,425,0.9702,225400
-117.93,33.65,34,2141,425,1559,429,4.2036,220100
-117.93,33.68,33,2664,432,1197,429,5.069,264200
-117.88,33.69,20,5330,976,2734,1000,5.2138,233100
-117.88,33.71,20,1738,509,1403,411,3.1742,245000
-117.88,33.7,17,5122,1544,2966,1339,3.4835,116700
-117.9,33.72,33,2613,562,3150,543,4.3899,180700
-117.89,33.71,24,4365,804,2663,753,4.5814,233300
-117.89,33.71,16,1591,225,926,239,6.2452,266300
-117.86,33.73,31,1115,268,1369,259,3.5694,150500
-117.86,33.72,31,1194,297,1602,306,2.3333,157700
-117.87,33.72,39,3167,669,2789,619,3.5902,165900
-117.84,33.74,24,1752,407,910,427,3.3611,134600
-117.83,33.74,23,1818,522,958,485,2.6771,131500
-117.85,33.74,26,2589,1003,5756,983,2.1992,170800
-117.86,33.73,23,407,108,647,96,3.775,177400
-117.86,33.73,30,2651,572,3249,552,3.7202,182100
-117.86,33.74,38,2415,642,3242,599,3.425,165600
-117.9,33.74,19,1566,379,1032,330,2.2105,180400
-117.87,33.75,12,2782,1077,1968,795,0.971,102500
-117.89,33.75,34,2753,654,3117,631,3.1713,170100
-117.84,33.77,14,4412,952,1656,874,4.3292,206500
-117.79,33.75,26,2955,377,1074,373,9.3845,500001
-117.8,33.74,33,2890,453,1300,452,6.5616,290200
-117.82,33.77,32,2308,301,967,320,7.0565,324600
-117.81,33.76,32,2053,339,835,323,5.5654,281800
-117.81,33.83,8,7326,884,2569,798,10.157,477100
-117.83,33.83,13,3759,489,1496,499,8.3818,377600
-117.83,33.83,23,2775,547,1226,510,3.6707,231400
-117.84,33.79,34,2590,603,1658,608,2.378,199600
-117.85,33.79,52,1963,430,1197,415,3.8929,211000
-117.86,33.79,34,1883,408,1227,424,3.8929,187500
-117.86,33.78,21,2713,731,1952,722,2.6959,178800
-117.89,33.78,16,6352,1747,5085,1649,2.8835,193800
-117.89,33.83,35,2984,446,1435,455,5.6276,200800
-117.89,33.8,38,51,12,41,10,6.0224,187500
-117.88,33.83,22,3522,543,1706,524,6.4685,241200
-117.9,33.85,32,1605,314,986,306,3.3375,186200
-117.92,33.85,44,1231,258,682,244,3.2344,170100
-117.91,33.85,35,932,258,1147,267,2.7014,156700
-117.91,33.84,35,1244,324,1603,322,2.9583,175400
-117.98,33.85,23,2089,377,1085,362,4.765,181500
-118.01,33.83,23,1086,268,825,250,2.4609,219600
-117.99,33.82,19,1991,528,1202,460,3.1538,252100
-117.99,33.82,33,2342,475,1367,509,4.1167,215500
-117.98,33.83,17,3419,932,2460,766,3.2823,228500
-117.98,33.82,34,1290,220,867,241,5.5486,218100
-117.96,33.83,29,1194,176,474,170,6.1001,298900
-117.94,33.83,20,812,192,494,172,3.25,350000
-117.95,33.83,31,2421,389,1348,413,4.9394,217800
-117.91,33.84,26,1156,393,1880,400,2.2716,350000
-117.9,33.82,32,1187,302,1003,275,2.4931,166900
-117.93,33.8,34,3903,717,2054,716,4.2731,218000
-117.92,33.8,17,1317,256,679,272,4.6696,159500
-117.94,33.8,28,2914,489,1500,499,4.9429,254800
-117.94,33.81,24,4602,1131,3003,1014,3.6771,172200
-117.96,33.81,35,1153,192,884,208,5.2384,177400
-117.96,33.81,34,1416,277,980,284,4.7772,182500
-117.96,33.82,29,2176,468,1632,428,3.707,180400
-117.97,33.81,26,4022,1081,2457,1001,2.8042,206300
-117.97,33.81,30,2406,462,1753,456,4.485,180600
-117.98,33.8,32,2161,432,1503,402,4.3036,191400
-117.97,33.8,35,2985,474,1614,453,5.4631,225600
-118,33.79,18,3679,694,1820,652,3.6531,143500
-117.98,33.78,22,4255,971,2901,920,3.2636,180200
-117.91,33.79,22,4417,1054,2759,983,4.25,170300
-117.94,33.77,32,714,142,654,154,4.5052,170800
-117.94,33.77,33,2964,747,2235,718,3.2591,175900
-117.94,33.78,11,2880,745,1806,722,3.8056,171100
-117.96,33.78,26,2136,557,1528,537,2.4931,236100
-117.96,33.75,22,2300,539,1625,542,2.78,196300
-117.92,33.75,8,2325,598,1511,565,3.3629,137500
-117.92,33.75,19,1920,471,1413,432,4.0313,147500
-117.91,33.77,26,5556,1398,4545,1333,3.0902,190400
-117.92,33.76,26,784,177,662,169,2.8438,174300
-117.93,33.74,30,1654,434,1843,467,3.1403,153000
-117.95,33.66,26,1787,227,639,224,6.8226,329800
-117.95,33.71,16,6058,1715,3285,1495,3.4133,290900
-117.96,33.7,23,4417,740,1865,693,5.3428,279300
-117.96,33.69,20,3123,441,1319,432,6.091,290400
-117.96,33.67,16,5143,652,2209,637,7.0173,382100
-117.98,33.67,7,5664,1174,2493,1101,5.8252,264700
-117.97,33.67,17,4466,640,2166,666,6.979,330700
-117.98,33.68,14,3396,477,1542,472,7.3982,369100
-117.97,33.68,16,4508,598,2221,623,7.3731,390800
-117.97,33.68,26,1616,292,700,241,5.5105,232100
-118,33.66,25,4041,903,1689,784,4.2289,442700
-117.99,33.67,12,2228,479,1122,488,4.0385,350000
-117.99,33.71,18,1994,578,3031,577,2.7614,237500
-118.01,33.7,24,3856,567,1741,588,7.248,302700
-117.99,33.7,13,4013,903,1999,859,4.625,248800
-118.03,33.71,26,1483,251,738,235,6,271400
-118.04,33.72,15,1836,490,942,477,4.0238,182500
-118.1,33.74,33,2119,524,872,465,4.537,495500
-118.05,33.71,25,4150,570,1424,547,8.8281,461600
-118.05,33.72,22,5416,1271,2260,1184,3.8038,174500
-118.09,33.77,26,1388,409,515,392,1.8015,62000
-118.09,33.77,26,5359,1508,1829,1393,1.7675,61300
-117.98,33.74,29,3443,635,2257,620,4.7404,207500
-117.98,33.76,28,3215,652,2066,636,4.0194,197400
-117.99,33.76,30,1572,362,1351,359,3.369,190900
-118.02,33.77,33,2683,436,1520,456,5.0091,211500
-118.01,33.77,33,1387,238,890,264,5.422,204100
-118.01,33.76,26,2141,597,2038,585,2.2981,177700
-118,33.76,12,1250,331,1047,334,3.0625,208800
-118.03,33.77,27,2000,310,880,294,5.635,218900
-118.01,33.78,26,2343,377,1166,373,6,233100
-118.04,33.78,26,3642,557,1623,569,5.8426,259400
-118.04,33.78,25,3715,575,1640,572,5.7705,247100
-118.08,33.79,34,2840,395,1127,396,7.6144,376200
-118.01,33.79,23,2663,430,1499,403,5.7837,258000
-118.04,33.84,21,6623,1204,3193,1129,4.5395,256000
-118.07,33.8,22,1391,338,810,295,3.8792,218200
-118.03,33.82,17,1851,346,770,310,5.6093,244400
-118.04,33.81,27,2990,515,1849,497,5.6846,216100
-118.01,33.87,25,6348,1615,4188,1497,3.139,185700
-117.99,33.86,20,2303,612,1607,564,2.9,176100
-117.97,33.89,17,1740,445,1158,412,2.8649,137500
-120.1,39.17,33,1849,384,218,92,1.7083,143800
-120.16,39.14,21,2484,460,309,144,3.9722,127800
-120.12,39.18,17,2839,525,390,189,3.5667,179200
-120.02,39.24,24,1602,426,751,257,1.7609,99300
-121.06,38.91,18,6501,1416,2954,1373,2.5373,143000
-121.15,38.8,20,2104,370,745,314,4.1685,217500
-121.21,38.76,16,1608,296,792,286,3.1583,239200
-121.26,38.73,14,3323,499,1527,540,5.3451,172100
-121.28,38.76,47,2901,631,1276,578,2.1366,101900
-121.22,38.78,8,3418,514,1312,409,6.3914,218000
-121.31,38.97,16,1210,228,726,222,2.7083,82100
-121.3,38.89,23,1750,297,1012,315,3.4706,99300
-121.32,38.89,9,5927,1269,3369,1176,2.8194,111300
-121.05,38.92,34,2144,372,899,378,3.3021,158800
-121.11,38.95,14,3888,890,1830,844,1.8238,158600
-121.08,38.95,18,1931,380,1271,377,2.7463,156100
-121.04,38.95,22,1931,445,1009,407,2.75,153200
-120.87,39.15,17,1819,389,736,283,2.8603,128900
-120.33,39.3,16,868,178,44,21,3,175000
-120.98,39.08,20,4570,906,2125,815,3.0403,148000
-120.94,39.05,8,3758,717,1744,661,3.1972,151500
-120.57,39.78,15,1291,283,582,242,2.1216,102000
-121,39.75,8,1116,214,27,39,2.5893,83000
-120.53,39.79,18,1234,266,543,201,2.5156,71900
-121.15,40.25,14,5156,880,616,281,3.3462,145200
-117.37,34,41,1248,278,770,250,3.025,90600
-117.39,33.98,37,2337,452,948,437,3.145,169100
-117.41,33.97,24,950,183,383,182,3.0694,125000
-117.37,33.98,27,1342,547,844,484,1.1194,95800
-117.4,33.97,41,1707,276,660,269,3.8618,134800
-117.43,33.96,28,3747,651,2399,646,3.8682,116500
-117.41,33.95,37,1586,283,675,305,2.9583,132100
-117.41,33.95,37,1462,257,849,287,3.0542,123900
-117.41,33.96,27,2341,418,1272,415,3.0208,112700
-117.38,33.96,30,3153,623,1544,575,3.4491,133800
-117.39,33.95,35,1599,284,721,287,4.125,120700
-117.37,33.95,32,2215,351,771,311,4.3542,142600
-117.37,33.94,20,1682,296,706,291,4.0966,140100
-117.4,33.93,35,1468,298,1168,261,2.2222,81300
-117.43,33.93,15,4836,1368,3012,1240,2.1865,129300
-117.4,33.9,32,1263,178,508,180,3.6667,314100
-117.44,33.9,23,4487,754,2609,778,4.2788,148700
-117.42,33.89,4,80,10,55,13,7.7197,193800
-117.4,34,24,2316,599,1829,532,1.6955,86800
-117.4,34,31,1192,307,1013,283,2.0742,76200
-117.43,33.98,21,2634,421,1376,406,4.2589,152200
-117.45,34.01,26,3042,598,1720,551,2.76,95200
-117.43,33.99,18,3307,547,1738,457,4.566,116900
-117.48,33.98,20,2451,475,1785,456,3.3966,115000
-117.49,34.02,21,3736,738,2021,640,4.4545,142400
-117.53,33.97,34,1293,215,774,217,3.8906,141000
-117.53,34.02,19,256,34,101,28,5.3269,375000
-117.53,33.94,21,5675,935,2834,865,4.2263,203200
-117.57,33.93,3,1240,151,519,146,7.5408,271900
-117.53,33.92,12,2290,319,728,228,6.1561,233500
-117.58,33.92,16,4157,586,2036,594,6.155,246400
-117.51,33.95,12,9016,1486,4285,1457,4.9984,169100
-117.49,33.94,28,2787,490,1684,467,4.0256,127100
-117.47,33.94,34,2086,417,1501,395,3.2311,105600
-117.56,33.88,36,838,210,722,180,2.4861,96200
-117.57,33.87,33,2076,517,1374,480,2.2197,138200
-117.57,33.88,35,1755,446,1453,428,2.316,119400
-117.56,33.86,25,6964,1066,3240,1036,5.2898,177100
-117.55,33.87,18,8136,1584,4976,1516,3.9414,137100
-117.53,33.83,7,2191,324,1156,310,5.5362,195600
-117.54,33.76,5,5846,1035,3258,1001,4.7965,160800
-117.33,33.87,14,2300,335,1001,311,5.1045,161300
-117.3,33.85,15,3991,751,2317,657,2.9542,127900
-117.28,33.85,16,3498,702,2372,672,2.3229,118000
-117.4,33.85,9,7538,1125,3450,1077,5.4625,223600
-117.31,33.94,7,11232,1791,4218,1644,5.2713,216500
-117.33,33.98,52,1417,353,881,300,1.9531,162500
-117.34,33.98,10,17286,4952,9851,4616,1.7579,103400
-117.32,34.01,23,3021,527,1580,533,4.4063,129900
-117.24,33.95,11,6617,1118,3710,1087,4.7877,132600
-117.23,33.94,7,13195,2696,6763,2437,3.5851,142000
-117.14,33.94,5,4873,639,1947,568,6.3223,223200
-117.16,33.92,12,3236,502,1610,502,4.7568,143500
-117.22,33.87,16,56,7,39,14,2.625,500001
-117.21,33.82,2,4198,805,1943,673,3.9052,122100
-117.22,33.81,4,9911,1946,5145,1661,3.4237,113700
-117.2,33.71,24,4210,920,1283,829,2.0881,83300
-117.25,33.7,10,5156,941,2294,747,3.58,113400
-117.11,33.75,17,4174,851,1845,780,2.2618,96100
-117.06,33.78,17,2813,565,1345,488,2.5847,145300
-117.22,33.8,3,5284,920,2703,729,4.0717,126500
-117.23,33.78,23,3465,703,2672,607,1.9767,81500
-117.26,33.81,22,4249,922,2405,846,2.1549,146500
-117.27,33.77,16,2876,576,1859,545,2.0878,101300
-117.37,33.7,8,4345,865,2425,785,3.2481,123800
-117.33,33.67,27,4376,1003,2667,870,1.9194,100600
-117.29,33.63,7,16010,2726,7139,2426,3.8056,162200
-117.36,33.6,10,4097,813,2082,731,3.2258,159300
-117.16,33.61,3,2744,428,1223,366,4.7944,215300
-116.96,33.52,9,2802,471,1155,421,4.125,392100
-117.18,33.51,13,270,42,120,42,6.993,500001
-117.15,33.45,4,9089,1413,3886,1243,4.6904,174200
-117.23,33.57,6,13724,2269,5860,1986,3.9617,183000
-117.02,33.71,6,8278,1579,3062,1446,3.0043,134700
-116.89,33.73,15,2094,316,937,277,5.3623,201300
-116.9,33.74,14,2281,426,894,430,2.3712,127900
-116.96,33.75,35,3269,757,2328,705,2.5898,76300
-116.97,33.75,22,3740,965,2011,824,1.3039,77500
-117.02,33.76,20,1317,203,453,158,2.8393,120700
-116.86,33.97,11,658,131,376,120,2.3977,58000
-116.8,33.8,35,324,63,158,39,3.4167,100000
-116.71,33.94,12,549,109,209,90,3.0208,66300
-116.57,33.94,29,551,166,224,107,1.1917,50000
-116.5,33.95,10,7249,1882,4274,1621,1.6983,66600
-116.48,33.94,10,3254,913,923,486,1.8,81000
-116.49,33.82,27,3316,636,2362,532,2.9569,65900
-116.52,33.82,21,10227,2315,3623,1734,2.5212,145200
-116.52,33.81,12,12396,2552,2548,1265,3.4394,162200
-116.54,33.81,24,6087,1217,1721,833,3.1493,199400
-116.54,33.8,22,6050,1387,1432,890,2.2216,183900
-116.57,33.76,25,2616,547,581,343,3.1364,301600
-116.48,33.79,14,9425,2020,1711,1000,2.6298,145200
-116.42,33.76,14,16921,2837,2524,1262,7.6281,341700
-116.36,33.78,6,24121,4522,4176,2221,3.3799,239300
-116.38,33.71,17,12509,2460,2737,1423,4.5556,258100
-116.37,33.72,19,6190,1355,2242,1043,3.0021,152300
-116.31,33.67,15,2214,410,1152,350,2.9187,93400
-116.22,33.7,9,3861,849,825,401,3.2833,124700
-116.29,33.74,6,12991,2555,4571,1926,4.7195,199300
-116.2,33.7,26,2399,625,2654,535,2.2989,60600
-116.2,33.63,23,1152,273,1077,235,2.5,96300
-116.21,33.66,19,1596,295,1201,282,3.8846,100900
-116.25,33.68,16,926,189,238,118,3.0114,366700
-116.26,33.65,3,7437,1222,574,302,10.2948,382400
-115.22,33.54,18,1706,397,3424,283,1.625,53500
-115.58,33.88,21,1161,282,724,186,3.1827,71700
-114.49,33.97,17,2809,635,83,45,1.6154,87500
-114.58,33.61,25,2907,680,1841,633,2.6768,82400
-121.44,38.58,42,2334,435,892,446,3.0208,148800
-121.46,38.58,52,4408,807,1604,777,3.8914,181600
-121.5,38.58,5,761,306,2031,295,0.7526,162500
-121.49,38.58,52,569,405,509,367,0.9196,137500
-121.48,38.57,47,2438,804,1148,747,1.4301,141700
-121.47,38.57,39,1360,368,589,338,2.1691,150000
-121.47,38.57,48,3136,926,1443,877,1.9034,123900
-121.48,38.57,38,2809,805,1243,785,1.8512,114100
-121.47,38.57,52,438,103,176,99,3.0217,200000
-121.45,38.56,52,3170,476,1027,457,4.63,233800
-121.43,38.56,50,1533,288,532,257,2.5417,125900
-121.47,38.56,51,2083,559,874,524,2.0221,95800
-121.5,38.55,52,2784,455,957,448,5.6402,209800
-121.48,38.55,52,2508,360,832,345,7.1035,228700
-121.48,38.55,52,1684,309,675,296,4.1467,175000
-121.47,38.55,29,1303,308,861,263,1.0208,55800
-121.47,38.54,47,2085,464,1346,402,1.2679,56700
-121.44,38.54,44,2570,509,1145,503,2.5694,92400
-121.52,38.51,23,6876,1456,2942,1386,3.0963,156900
-121.54,38.5,15,6093,1051,2415,997,4.2075,183600
-121.52,38.5,19,4900,805,2519,855,4.8497,184400
-121.54,38.49,6,9104,1535,3759,1481,5.1442,174500
-121.49,38.49,26,1557,301,986,300,2.6613,77700
-121.47,38.48,24,2359,462,2048,476,3.2702,67300
-121.45,38.48,24,1766,340,1028,372,3.5402,98700
-121.39,38.51,19,1808,375,758,320,2.0062,92000
-121.39,38.55,25,2171,431,1053,422,3.5278,126200
-121.4,38.55,19,2497,494,748,442,2.925,142400
-121.41,38.58,18,6955,1882,2803,1740,3.089,141400
-121.38,38.59,36,1239,237,764,222,3.0156,103000
-121.38,38.61,34,2888,496,1168,479,3.6053,148600
-121.37,38.59,36,2523,401,927,398,3.5179,207800
-121.36,38.6,36,1275,227,530,245,3.875,133600
-121.35,38.58,20,2992,378,1105,368,8.6572,320200
-121.37,38.63,30,5996,1018,2532,1049,4.6127,151800
-121.37,38.62,27,1743,380,697,368,1.6678,166100
-121.37,38.61,39,823,146,329,144,3.0833,114100
-121.39,38.62,27,5693,1487,2334,1387,2.2844,170500
-121.39,38.62,45,2696,624,1059,582,1.8176,160900
-121.4,38.62,28,3671,886,1733,820,2.2292,113200
-121.4,38.61,33,3512,825,1515,782,1.9908,118800
-121.44,38.64,18,1756,442,837,320,1.125,70500
-121.45,38.65,5,2680,502,1885,498,2.6369,110000
-121.45,38.62,38,2419,605,1696,503,1.4861,63100
-121.46,38.62,35,3326,696,2511,649,1.9871,60900
-121.45,38.6,44,2324,413,823,375,4.6625,158900
-121.46,38.61,43,1111,269,613,290,1.2917,66300
-121.47,38.63,29,2197,520,1374,483,2.1889,69300
-121.5,38.61,5,1395,373,638,322,2.6745,225000
-121.51,38.69,28,800,149,450,158,2.1029,108600
-121.42,38.7,10,2562,460,1478,433,4.0625,96200
-121.47,38.7,31,1007,181,563,185,3.625,91300
-121.4,38.66,50,880,150,1148,148,2.5062,112500
-121.37,38.69,29,2103,380,1124,387,3.0833,87000
-121.38,38.68,35,1565,290,861,277,2.4844,77000
-121.4,38.71,15,4680,758,2626,729,3.8355,107000
-121.36,38.69,13,6850,1400,4251,1421,3.6989,93300
-121.38,38.66,17,3778,939,2393,862,1.8972,100500
-121.38,38.65,34,825,173,355,130,3.1858,109500
-121.34,38.66,18,4164,963,2032,898,2.119,133100
-121.35,38.65,20,2498,546,1185,506,3.2243,107900
-121.33,38.65,24,3533,741,1496,723,2.8106,183200
-121.34,38.61,22,1778,408,875,375,2.6023,142200
-121.33,38.61,21,2453,518,1326,505,2.7079,148000
-121.34,38.61,20,5801,1148,2586,1063,3.9063,162100
-121.32,38.63,20,7003,1409,3107,1315,3.0348,150500
-121.32,38.61,22,3902,845,1870,763,2.774,190200
-121.32,38.64,19,8501,1558,3576,1467,3.6523,158500
-121.31,38.66,27,1713,282,761,295,5.2081,136400
-121.32,38.66,26,1149,193,500,194,5.078,163400
-121.3,38.65,26,3192,447,1132,418,4.5278,144300
-121.27,38.66,19,1891,266,678,255,6.1872,188700
-121.25,38.64,21,2764,363,902,360,5.6864,258700
-121.28,38.63,36,120,16,30,14,10.2264,350000
-121.29,38.71,32,1875,361,1027,343,3.5769,103800
-121.32,38.7,16,3592,642,1740,629,3.0703,126000
-121.33,38.7,15,2226,421,1004,417,2.7868,117800
-121.33,38.66,17,2767,584,1275,568,2.5909,125400
-121.27,38.67,15,2116,524,866,519,2.7388,111600
-121.19,38.67,16,1754,284,773,277,4.817,147000
-121.17,38.71,15,3084,557,1040,562,2.5183,293300
-121.22,38.58,25,394,94,155,83,2.233,55000
-121.32,38.59,21,9774,1777,4674,1712,3.6817,136100
-121.29,38.6,29,1276,225,600,223,4.0938,109100
-121.32,38.57,15,3369,499,1733,470,5.31,127500
-121.28,38.53,18,224,38,95,41,3.1042,165000
-121.33,38.57,17,1621,350,706,338,2.3684,150000
-121.3,38.51,19,822,134,457,133,4.15,157500
-121.38,38.47,4,14418,2282,6578,2140,4.5604,145900
-121.39,38.43,3,2696,384,990,316,5.4445,237600
-121.38,38.41,10,3425,629,1538,587,4.45,138700
-121.2,38.36,14,2634,463,1402,432,3.8897,175700
-121.27,38.31,17,1144,202,626,178,4.4107,151600
-121.31,38.28,16,1708,391,687,378,1.9485,155400
-121.31,38.26,22,1768,396,1005,420,1.8846,88300
-121.43,38.46,18,1378,235,818,262,4.0625,100300
-121.37,36.89,21,2471,473,1753,451,4.025,293800
-121.45,36.86,11,1613,335,1617,342,3.1375,146200
-121.4,36.85,50,2666,613,1768,555,2.6598,157300
-117.7,33.92,4,8301,1333,3941,1236,6.2141,252200
-117.75,33.95,13,984,127,364,119,7.5839,426900
-117.76,33.94,40,1092,213,457,190,5.1165,184200
-117.71,34.07,24,1948,362,1286,364,3.6,139300
-117.69,34.05,10,1875,366,1055,363,4.3264,128900
-117.72,34.02,17,1781,262,860,256,6.5958,236800
-117.71,34.02,17,12689,2426,7343,2230,3.6361,157700
-117.68,34.15,24,1033,189,486,204,4.1719,213500
-117.66,34.15,20,2524,311,965,285,8.0103,395500
-117.65,34.14,16,2196,287,949,289,8.6573,354000
-117.65,34.11,28,2788,370,1140,385,5.3368,233500
-117.68,34.1,11,7392,1796,3841,1621,2.8326,163000
-117.65,34.1,19,1688,365,622,322,3.6,136400
-117.66,34.1,37,1971,345,939,358,3.4634,145300
-117.66,34.09,23,1426,313,954,319,3.0357,151500
-117.62,34.13,20,3216,516,1655,524,5.1261,158800
-117.63,34.1,15,4799,1209,2554,1057,2.6582,122800
-117.64,34.08,37,2576,468,1284,428,3.3958,130400
-117.65,34.08,52,2264,439,1031,437,3.375,144300
-117.65,34.08,40,1609,258,624,242,5.4689,158200
-117.63,34.08,38,1810,371,1257,354,3.8355,111700
-117.62,34.08,30,1372,235,1047,225,3.1597,116300
-117.62,34.08,24,2801,554,2064,529,4.4946,136000
-117.62,34.07,16,6009,1599,5110,1389,2.5677,128900
-117.64,34.07,38,2450,544,1823,536,2.837,111200
-117.64,34.07,52,1644,372,1269,355,2.6913,108300
-117.67,34.06,26,1592,429,1182,365,2.4583,110400
-117.64,34.06,43,763,219,851,198,1.7292,79200
-117.64,34.03,11,2050,382,1044,371,4.8281,137000
-117.64,34.04,21,1801,507,2556,484,2.4716,102500
-117.63,34.02,13,4864,729,2780,723,5.6168,175400
-117.62,34.02,16,2040,325,1207,324,5.0431,164100
-117.61,34.02,15,1791,346,1219,328,3.8125,170300
-117.58,34,2,7544,1516,2801,1001,4.0037,245200
-117.54,34.11,16,2114,374,1463,399,3.9241,131500
-117.59,34.09,16,2401,465,1757,500,3.9755,120400
-117.46,34.08,18,3830,750,2767,702,3.6602,120700
-117.46,34.04,3,12870,2315,5820,1759,4.2429,147300
-117.45,34.11,7,6356,1244,4052,1164,2.9112,121700
-117.43,34.09,18,3172,632,1621,573,2.7437,120200
-117.38,34.11,32,3179,662,1878,661,3.1375,101200
-117.39,34.1,12,7184,1516,4862,1235,2.4492,103800
-117.39,34.13,9,2228,398,1316,370,4.1632,119800
-117.39,34.12,7,5059,780,3253,801,4.9196,140500
-117.39,34.07,26,1387,277,664,239,3.0278,96800
-117.36,34.1,31,2587,531,1227,489,2.3578,88600
-117.33,34.12,33,933,219,838,211,1.3417,69000
-117.34,34.13,29,331,85,341,107,0.7069,70300
-117.32,34.11,41,1229,302,994,270,1.4891,67300
-117.35,34.09,14,5983,1224,3255,1150,2.5902,111500
-117.41,34.24,20,1160,181,543,188,5.2072,164300
-117.3,34.18,19,2526,381,1176,381,5.5136,137100
-117.3,34.15,33,1607,282,608,260,4.3438,115000
-117.31,34.13,36,1076,283,773,224,2.6307,66400
-117.3,34.11,42,525,111,444,120,2.6771,67000
-117.31,34.11,52,851,190,731,190,1.9044,64900
-117.31,34.11,41,1105,257,816,197,1.9375,64100
-117.32,34.1,27,2053,461,1737,463,3.1213,78800
-117.31,34.09,34,1336,345,1009,311,1.608,73700
-117.27,34.16,32,2894,427,1151,446,6.2236,159700
-117.29,34.12,40,2198,612,1517,531,1.0951,65800
-117.29,34.13,44,2337,563,1238,467,1.5156,75800
-117.25,34.16,35,2707,481,1595,479,3.9018,91500
-117.27,34.1,9,3904,1042,3688,896,1.8022,78000
-117.34,34.08,33,4924,1007,3502,953,3.233,99400
-117.31,34.08,43,1697,387,1181,352,1.9234,74600
-117.31,34.03,9,1199,187,629,207,5.7393,151600
-117.27,34.08,38,1093,256,856,212,1.4279,73000
-117.27,34.06,20,5258,1514,3780,1404,2.025,85700
-117.21,34.14,16,1613,245,811,267,5.2591,140700
-117.2,34.14,18,1920,333,890,323,5.159,144800
-117.24,34.13,26,3774,716,1913,620,3.3534,98900
-117.23,34.12,6,4464,1093,2364,952,2.3848,81600
-117.2,34.13,14,3998,711,1509,665,3.4138,126700
-117.23,34.11,33,2170,500,1425,472,2.0133,78300
-117.21,34.12,32,1677,354,1021,339,3.6853,90900
-117.21,34.11,27,1245,229,692,234,3.2176,89400
-117.21,34.08,5,5749,1385,2382,1088,3.0587,143100
-117.18,34.08,28,2243,399,1464,379,3.2105,90300
-117.19,34.06,21,6107,1559,2805,1444,2.5643,102700
-117.18,34.05,29,3436,731,1323,676,2.4943,122300
-117.17,34.08,5,1473,228,842,257,4.875,138100
-117.15,34.06,25,3670,644,1815,634,4.0658,127400
-117.16,34.06,33,2101,468,1997,412,2.8125,117200
-117.17,34.03,33,4583,648,1760,638,6.3308,230600
-117.07,34.05,14,5764,1006,1876,841,1.9694,173200
-117.03,34.02,26,3909,670,1884,665,4.1361,121000
-117.01,34.01,15,5592,891,2419,840,4.7193,135200
-117.08,34.03,23,3862,699,2082,652,3.154,115700
-117.03,34.03,26,3501,664,1860,681,3.0403,113500
-117.29,35.54,35,7922,1636,3431,1329,3.4145,40400
-117.42,34.59,8,5445,1360,3220,1214,1.7567,69500
-117.54,34.55,5,2949,671,1620,530,2.9479,83300
-117.12,34.46,17,1613,326,765,300,2.6827,110400
-117.11,34.43,14,3026,556,1349,485,2.8021,111200
-117.22,34.48,7,2449,447,1217,408,3.6646,109900
-117.25,34.53,13,5841,955,2455,915,4.1333,158200
-117.3,34.53,38,1643,489,1196,406,1.2275,64100
-117.31,34.53,26,2299,496,1259,441,2.6125,79900
-117.3,34.52,34,4493,838,2335,779,3.1635,74300
-117.3,34.39,11,3572,592,1876,507,3.6615,105100
-117.31,34.41,14,3019,643,1639,582,1.5288,103400
-117.34,34.39,8,3579,672,2216,630,3.4038,100500
-117.31,34.43,16,5130,1172,3126,1046,1.6784,71900
-117.35,34.44,9,11810,2181,6716,2081,3.1821,95600
-117.27,34.45,8,6463,1095,3213,1031,3.2215,108800
-115.75,35.23,5,208,78,132,56,2.5333,75000
-116.57,35.43,8,9975,1743,6835,1439,2.7138,22500
-116.56,34.06,15,6928,1529,2568,1075,2.5405,69600
-116.47,34.07,22,5473,1234,2581,1098,1.9375,65300
-116.43,34.1,17,6683,1296,2677,1227,2.4828,84000
-114.31,34.19,15,5612,1283,1015,472,1.4936,66900
-114.61,34.83,31,2478,464,1346,479,3.212,70400
-117.32,34.24,29,1290,263,323,113,1.9265,103300
-117.17,34.28,13,4867,718,780,250,7.1997,253800
-116.86,34.23,13,4760,938,309,132,5.4618,147800
-116.99,34.3,29,5055,1036,410,191,3.5104,157100
-116.85,34.26,18,6988,1635,2044,726,2.4308,90600
-116.98,34.13,16,2098,449,342,143,4.0333,133900
-116.85,34.98,26,3606,792,1683,608,2.6587,57400
-117,34.87,16,6862,1292,3562,1126,3.6091,87200
-116.94,34.4,20,6541,1401,2631,980,2.1339,78500
-117.16,32.75,34,1785,558,804,490,2.2687,200000
-117.15,32.75,9,2818,821,851,555,2.6181,204200
-117.12,32.76,43,2336,644,1203,614,2.3594,127800
-117.12,32.77,48,2012,422,893,394,2.7928,175000
-117.11,32.77,52,1506,233,478,240,4.3875,300000
-117.11,32.75,21,2127,658,1812,603,1.6896,100000
-117.1,32.76,31,987,267,619,250,2.9286,151800
-117.08,32.75,20,1886,586,1134,525,1.5029,100000
-117.08,32.76,18,1704,596,1639,548,1.7391,125000
-117.06,32.75,34,1917,419,1181,426,3.0208,129200
-117.08,32.74,26,2359,622,2067,581,1.8103,124700
-117.08,32.74,35,1434,253,753,228,2.3812,135100
-117.07,32.73,18,2968,656,1149,581,2.6452,154200
-117.06,32.77,34,1730,373,730,350,2.0284,161800
-117.07,32.7,14,2763,456,1914,465,4.1645,143000
-117.02,32.71,30,3187,592,2082,631,3.5388,118500
-117.03,32.7,19,2304,572,2010,556,2.2866,109900
-117.06,32.67,29,4047,754,2353,730,4.0505,125000
-117.02,32.68,14,3986,675,2065,702,5.7192,267400
-117.04,32.68,11,1875,357,1014,386,4.375,115000
-117.03,32.69,8,2460,397,1784,390,4.5662,175500
-117.1,32.69,11,3071,911,2812,774,1.2413,83100
-117.09,32.71,29,2238,523,2061,504,2.5559,96800
-117.1,32.71,29,3422,713,2775,644,1.7075,86900
-117.1,32.69,37,1269,340,1369,302,2.2102,87200
-117.1,32.69,35,1292,272,1183,272,2.0547,98000
-117.11,32.69,37,2395,627,2489,599,1.5933,86300
-117.12,32.7,37,1361,348,1398,328,1.1681,78100
-117.13,32.7,48,786,230,917,231,1.875,75600
-117.13,32.7,42,1210,292,945,258,0.8991,78900
-117.13,32.7,38,1445,392,1286,357,1.4632,80200
-117.14,32.71,34,1694,455,1467,425,2.1164,139400
-117.14,32.72,45,1140,310,840,339,1.6156,156300
-117.14,32.7,48,510,180,545,132,1.8008,86500
-117.16,32.71,5,2508,827,2066,761,1.3092,325000
-117.17,32.71,39,311,181,206,113,0.7685,187500
-117.16,32.73,52,1863,559,906,493,1.9203,195800
-117.17,32.74,39,3803,806,1567,775,3.7039,361500
-117.22,32.74,52,1283,173,436,190,7.4029,345700
-117.24,32.73,37,2260,354,809,351,5.9113,388300
-117.23,32.72,38,2827,581,972,558,3.2361,500001
-117.25,32.74,40,2186,549,953,515,2.8007,257100
-117.24,32.75,36,2831,669,1279,660,2.9896,252700
-117.25,32.75,36,1929,526,974,491,1.7622,205800
-117.25,32.79,43,906,240,458,205,1.8365,328600
-117.25,32.78,36,1527,427,710,312,2.7857,291700
-117.23,32.79,23,2578,665,989,622,3.5484,238000
-117.24,32.79,20,961,278,525,254,3.1838,245800
-117.23,32.81,28,1508,263,996,267,3.8026,270000
-117.25,32.79,27,848,300,455,298,3.0774,275000
-117.23,32.8,28,3379,918,1849,849,3.0293,241700
-117.26,32.81,30,1328,346,577,328,2.3284,290600
-117.26,32.81,37,1616,421,650,395,2.92,326500
-117.31,32.82,42,2785,389,833,333,11.3074,500001
-117.23,32.81,24,3271,508,1496,482,5.9359,422200
-117.27,32.84,26,3940,657,1180,600,6.1025,500001
-117.29,32.92,25,2355,381,823,358,6.8322,500001
-117.25,32.86,27,2530,469,594,326,7.2821,500001
-117.2,32.85,26,2298,549,980,555,2.4207,213500
-117.23,32.86,16,1675,354,604,332,5.2326,188300
-117.2,32.86,4,4308,1095,1923,932,3.9356,267000
-117.21,32.87,12,1428,303,528,269,4.1429,254400
-117.15,32.91,15,1613,303,702,240,4.875,169300
-117.13,32.91,15,1450,266,747,290,3.6111,196300
-117.14,32.91,14,3014,710,2165,705,3.7837,160300
-117.12,32.9,14,3249,937,1929,838,2.8588,92500
-117.13,32.92,17,1481,315,1002,300,3.6196,163400
-117.14,32.93,12,1474,364,1009,372,4.0521,166700
-117.14,32.93,16,2412,419,1612,422,4.5086,171100
-117.15,32.93,16,2718,438,1515,431,5.1433,185300
-117.14,32.92,15,1558,314,949,332,5.2864,174400
-117.18,32.92,4,15025,2616,7560,2392,5.196,210700
-117.25,32.94,16,4755,807,1829,756,6.7694,425900
-117.13,32.98,5,2276,311,1158,317,6.4321,271900
-117.18,32.95,4,19001,2688,8980,2441,6.3237,260900
-117.13,32.96,15,2267,292,1180,289,6.712,240200
-117.24,32.98,4,6423,1042,2607,983,7.6348,337000
-117.22,32.83,31,2558,512,1164,492,3.4318,200400
-117.2,32.84,34,3353,544,1583,571,4.55,187700
-117.21,32.83,28,3241,533,1334,513,4.1806,199600
-117.2,32.82,35,2772,537,1392,521,3.337,172300
-117.18,32.84,30,2290,523,1272,472,3.5606,165100
-117.17,32.82,24,1623,417,911,397,2.7401,198100
-117.17,32.82,21,2869,596,1471,577,3.0375,197600
-117.18,32.83,31,1772,353,1090,350,3.9265,162000
-117.18,32.82,25,1756,301,722,312,4.5625,162300
-117.17,32.79,43,1269,297,946,285,2.1447,133300
-117.21,32.8,34,1398,222,532,244,3.7102,289600
-117.2,32.79,34,757,212,409,222,3.2312,192200
-117.2,32.78,38,2662,498,1132,496,4.0057,241600
-117.15,32.8,41,1413,261,1070,259,2.3578,166700
-117.13,32.79,35,1362,243,698,255,3.6458,173800
-117.09,32.81,7,6100,1185,2710,1040,5.5673,288200
-117.11,32.79,16,2574,771,1129,721,3.3849,96900
-117.11,32.78,16,2470,830,1170,724,3.5562,73500
-117.11,32.78,16,2220,512,930,527,3.6528,133200
-117.09,32.79,31,2019,417,872,386,3.1964,177700
-117.07,32.8,36,2028,349,820,352,3.9828,168900
-117.07,32.8,23,2698,410,1094,411,5.1782,195100
-117.04,32.81,12,2880,406,1381,418,6.5412,254200
-117.04,32.58,14,2355,406,1883,401,5.0311,152100
-117.05,32.56,22,2172,563,2049,524,2.0159,139300
-117.1,32.58,23,1662,377,1318,386,2.3,120800
-117.1,32.58,17,2046,559,1585,530,2.25,132800
-117.1,32.58,33,393,76,330,80,4.1029,122700
-117.07,32.57,17,2961,634,1911,615,2.5859,131400
-117.07,32.56,9,3648,895,3293,840,3.0992,142600
-117.07,32.58,25,1607,280,899,260,3.8194,134400
-117.12,32.57,21,1738,295,983,298,4.8274,174100
-117.12,32.56,20,2524,682,1819,560,2.9286,257700
-117.17,32.69,40,2236,331,767,316,5.3177,500001
-117.17,32.69,19,2802,802,1159,597,4.7891,334600
-117.09,32.67,31,2051,549,1581,538,2.052,108900
-117.1,32.69,29,4174,1195,3675,1124,1.8112,103600
-117.1,32.68,49,1412,350,1200,332,2.0398,93600
-117.09,32.65,25,3509,985,2359,899,2.6296,150000
-117.1,32.64,29,1578,460,1236,461,2.5658,134700
-117.09,32.62,37,1925,428,1344,426,2.4866,129700
-117.07,32.64,30,2873,774,1593,731,2.24,129500
-117.08,32.62,36,1674,309,818,307,3.4773,150400
-117.09,32.61,21,1945,430,1335,419,3.6467,113000
-117.07,32.61,10,1686,414,1000,391,2.1765,128400
-117.07,32.6,13,1607,435,983,400,2.2903,106300
-117.04,32.62,27,1710,282,1089,297,4.6793,151900
-116.97,32.65,4,16450,2833,7985,2683,5.6631,233400
-117.03,32.63,13,2087,313,1165,330,5.7789,227700
-116.98,32.73,16,952,143,530,143,5.0864,175300
-116.97,32.74,14,7410,1344,3597,1274,4.2192,176100
-116.92,32.76,7,1659,237,862,242,5.2741,249400
-116.99,32.72,14,1771,301,1046,284,4.775,143300
-117.04,32.73,36,2084,400,1097,398,3.2717,130700
-117.04,32.73,25,1375,267,1032,278,3.5492,125400
-117.03,32.74,35,1878,454,991,409,2.4345,129700
-117.03,32.77,34,1796,428,918,424,2.875,161200
-117.02,32.76,15,1204,326,543,326,1.0278,154200
-117,32.77,30,1802,401,776,386,2.8125,173500
-117.01,32.77,43,841,192,496,207,3.0179,149300
-116.99,32.77,35,2306,334,828,310,6.1103,301600
-117,32.76,31,2545,373,956,342,4.3977,226800
-116.96,32.78,26,2807,630,1785,580,2.1638,132800
-116.91,32.78,15,4058,511,1580,473,7.5,316400
-116.9,32.77,8,3600,492,1421,482,6.2609,307100
-116.95,32.78,20,3425,448,1489,443,6.2552,296400
-116.86,32.8,19,1747,291,848,290,4.875,187200
-116.83,32.81,18,2367,402,1021,395,4.8125,210500
-116.9,32.79,21,3770,491,1410,446,6.7685,294700
-116.94,32.8,21,7906,2292,4868,2117,1.8937,109800
-116.98,32.8,28,5721,1029,2672,1054,3.963,164400
-116.94,32.81,22,4266,1010,2766,985,2.8175,135200
-116.91,32.81,22,4331,637,1952,654,5.4834,232000
-116.92,32.8,33,1518,268,857,272,3.5586,160400
-116.97,32.83,17,6659,1402,3183,1378,2.949,117300
-116.98,32.88,12,7320,1279,4048,1249,4.3952,151700
-117,32.85,24,1888,319,950,319,5.282,140800
-116.94,32.83,38,1701,317,872,304,3.7831,147800
-116.91,32.86,15,3153,628,1633,527,3.6898,131000
-116.92,32.86,11,2204,518,1472,497,2.3693,127000
-116.93,32.83,19,3038,529,1463,509,3.944,172500
-116.92,32.82,17,2492,494,1278,439,2.8875,155700
-116.92,32.85,23,1378,269,767,266,4.0625,145000
-116.92,32.84,16,4675,834,2188,817,4.6674,178000
-116.89,32.82,18,2515,443,1442,449,5.0201,154400
-116.91,32.82,14,1978,424,1085,387,3.8073,170100
-116.96,32.9,16,3047,495,1507,499,5.3008,186500
-116.94,32.89,24,2541,381,1078,372,5.2542,227800
-117.03,33,6,6139,793,2693,770,7.7569,387400
-117.06,33.01,24,2618,485,726,443,3.5192,159100
-117.08,33.04,10,2577,347,1193,365,6.53,264100
-117.1,32.96,7,3619,770,1134,482,4.1279,167600
-117.05,33.03,16,87,20,32,21,4.3571,144600
-117.01,32.99,8,3372,430,1536,448,8.4284,378300
-117.08,32.93,5,14944,2490,6600,2407,6.0857,308300
-117.07,33,4,6242,1258,2211,1116,4.25,281600
-117.12,32.96,15,2869,405,1526,402,6.0175,238300
-117.23,33.01,18,3961,511,1541,470,11.1118,500001
-117.25,33,14,2518,458,931,414,5.8393,485300
-117.31,32.98,17,2789,648,849,345,4.1012,244700
-117.27,32.98,17,1853,392,351,208,5.2742,230700
-117.27,33.02,13,5723,1242,2450,1140,4.7179,376700
-117.3,33.07,14,2670,426,1034,407,6.4247,295100
-117.36,33.18,39,1546,291,833,308,2.8893,185400
-117.38,33.2,26,1427,386,974,317,1.3903,184400
-117.36,33.2,19,1926,557,1190,483,1.3269,166100
-117.32,33.22,16,1057,232,316,221,2.7417,91700
-117.35,33.23,4,1837,287,934,277,3.8958,189800
-117.3,33.25,22,2329,419,1456,381,3.7933,131000
-117.31,33.25,13,3075,630,1843,674,2.8558,97100
-117.32,33.25,7,2499,420,1314,398,4.85,186900
-117.19,33.34,15,3310,488,1104,460,6.1009,314400
-117.17,33.28,16,1921,312,862,280,5.1786,376800
-117.24,33.36,11,2786,480,1250,450,4.5,222600
-117.25,33.36,6,3725,960,2833,915,2.3214,247000
-117.34,33.46,14,1902,338,848,304,5.5395,273300
-117.19,33.41,16,3031,554,1301,518,4.0882,296100
-116.95,33.31,16,2921,639,1838,540,2.2393,117000
-117.05,33.29,17,1800,312,891,281,7.0177,267600
-117.12,33.27,11,3016,601,1727,541,4.9375,232800
-116.9,33.22,11,4132,773,2012,703,3.1906,234500
-117.15,33.2,16,2690,459,1253,393,4.0328,294600
-117.22,33.22,17,3675,672,1693,597,3.3882,190800
-117.24,33.23,21,1718,308,1194,312,3.4359,150900
-117.24,33.21,19,1872,489,1859,446,2.1875,121700
-117.24,33.21,18,1846,419,1581,387,3.0982,111300
-117.25,33.2,22,2361,618,1472,596,2.0625,124500
-117.21,33.2,22,3337,518,1288,466,5.04,253700
-117.25,33.19,18,1891,306,830,279,4.5764,207000
-117.3,33.17,6,7880,1533,3760,1460,4.1807,182600
-117.31,33.16,17,1704,263,781,281,5.6605,224400
-117.28,33.18,16,3002,591,842,538,2.1205,157300
-117.23,33.16,4,3066,625,1164,582,4,228100
-117.2,33.16,13,4503,1137,3094,1091,2.3159,91600
-117.18,33.16,15,5923,1206,3943,1006,3.1793,159900
-117.13,33.14,12,2258,456,1147,433,4.0495,153900
-117.21,33.13,19,3068,596,912,554,3.775,168000
-117.07,33.15,17,1893,297,936,287,5.1842,157700
-117.11,33.19,15,3154,488,1656,429,5.0461,222400
-117.06,33.17,4,5465,974,2844,950,4.4477,174800
-117.14,33.12,7,6126,1032,2662,923,4.9005,264000
-117.06,33.09,11,7483,1276,3516,1261,4.0484,262500
-117.05,33.1,13,5516,746,2119,662,6.1868,320200
-117.04,33.09,16,4677,581,1902,566,6.1834,335600
-116.93,33.06,16,3490,545,1628,535,4.8836,239900
-116.84,33.08,15,2755,519,1474,460,4.0408,225900
-116.77,33.08,13,1406,260,737,279,5.5842,239100
-116.84,33.01,5,5673,855,2592,797,5.4155,199200
-116.9,33.03,11,3213,634,1975,579,3.475,167200
-116.67,32.97,16,349,74,120,43,5.359,193800
-116.26,33.07,17,934,284,452,184,1.9875,83700
-116.37,33.19,12,4890,1152,1289,570,2.5795,98700
-122.41,37.8,52,1724,416,1016,395,3.3839,400000
-122.42,37.8,52,3321,1115,1576,1034,2.0987,458300
-122.39,37.8,25,4561,1474,1525,1169,4.5581,500001
-122.4,37.79,52,1185,660,1007,623,1.4552,450000
-122.41,37.79,52,5783,2747,4518,2538,1.724,225000
-122.42,37.78,27,1728,884,1211,752,0.8543,500001
-122.44,37.8,52,2865,593,1029,577,5.2539,500001
-122.44,37.8,52,1603,487,727,464,3.9856,500001
-122.43,37.8,52,1976,726,1045,669,3.6893,475000
-122.43,37.8,52,2696,572,925,552,5.0365,500000
-122.42,37.8,52,4079,1112,1466,1024,4.5913,500001
-122.43,37.79,52,3486,847,1248,813,7.2623,500001
-122.44,37.79,52,1335,151,402,157,10.8783,500001
-122.44,37.79,52,2045,353,722,327,8.0755,500001
-122.45,37.79,52,3069,579,1107,536,5.5634,500001
-122.44,37.79,52,1817,535,800,487,3.975,500001
-122.43,37.79,52,3522,938,1319,887,4.3986,500001
-122.45,37.78,52,3975,716,1515,691,5.0156,500001
-122.45,37.78,52,1345,291,560,294,3.7159,494400
-122.45,37.78,52,2686,606,1392,578,4,355300
-122.45,37.78,43,1452,397,897,393,4.1319,322700
-122.45,37.78,52,2033,438,2198,418,3.6667,418400
-122.44,37.78,31,1364,386,707,379,3.1607,293800
-122.45,37.77,52,2339,548,1090,507,3.3679,350000
-122.45,37.77,52,2191,627,1100,585,3.0409,500000
-122.42,37.77,52,1086,349,589,361,2.5186,250000
-122.44,37.76,38,2202,452,833,435,6.8939,455900
-122.41,37.78,52,1534,763,1520,614,1.4554,375000
-122.41,37.78,52,254,72,153,29,3.8625,350000
-122.37,37.81,26,5416,1045,4531,962,2.7909,250000
-122.42,37.77,52,759,323,421,255,2.0548,162500
-122.42,37.77,52,1176,493,1136,436,1.375,312500
-122.44,37.75,28,4930,1381,2232,1321,4.3232,316200
-122.44,37.76,52,2110,454,816,438,3.9079,370000
-122.42,37.76,52,4407,1192,2280,1076,3.3937,270000
-122.42,37.76,52,1494,610,1630,590,1.65,265000
-122.42,37.75,52,1855,611,1715,614,2.1289,250000
-122.43,37.75,52,1970,495,871,474,4.0625,355600
-122.44,37.75,52,2082,425,801,411,4.2708,368900
-122.44,37.75,46,1519,291,573,289,4.2667,338800
-122.44,37.75,52,1573,334,725,338,5.0505,380400
-122.43,37.75,52,2960,623,1191,589,3.95,347700
-122.42,37.74,52,2713,624,1370,594,4.6547,325700
-122.43,37.74,52,2229,498,1079,472,5.0196,324300
-122.44,37.74,23,6291,1269,2818,1198,4.2672,391900
-122.43,37.74,52,1514,314,724,301,5.3292,300900
-122.4,37.76,52,1529,385,1347,348,2.9312,239100
-122.41,37.76,52,2605,678,2071,611,3.2964,265000
-122.41,37.75,52,2452,623,1932,549,2.3903,236100
-122.4,37.74,45,2462,509,1587,450,2.59,211800
-122.38,37.73,15,6804,1664,4737,1581,1.4133,203400
-122.39,37.73,52,1070,224,567,207,2.8603,189000
-122.41,37.74,38,1754,382,928,354,4.1417,270800
-122.44,37.72,52,1775,347,1102,367,4.3125,267200
-122.41,37.72,35,2104,434,1225,410,4.8214,242900
-122.41,37.72,32,1650,316,904,295,4.0583,236200
-122.43,37.72,50,2912,562,1989,537,3.6667,252600
-122.43,37.72,49,3427,696,2363,661,3.6885,254000
-122.44,37.72,48,2675,585,1773,540,3.9565,268500
-122.45,37.71,52,1658,322,1086,326,3.8583,261600
-122.43,37.71,35,2878,564,1633,528,4.5,266900
-122.41,37.71,40,2054,433,1738,429,4.9926,213900
-122.4,37.72,41,1975,440,1528,424,3.8625,218300
-122.47,37.76,52,2680,740,1587,713,2.5933,359600
-122.47,37.75,46,3238,544,1293,470,6.1592,381700
-122.46,37.73,52,3547,506,1276,491,8.0069,426800
-122.47,37.73,52,2151,280,762,274,10.7309,500001
-122.47,37.72,46,1836,319,767,302,5.9114,399000
-122.45,37.73,52,2510,438,1153,407,5.1238,335100
-122.45,37.72,47,1773,345,1083,315,4.475,221200
-122.46,37.72,49,1207,255,658,220,4.0859,228600
-122.47,37.71,44,2547,511,1577,516,4.1939,237900
-122.46,37.72,37,1833,388,1093,363,3.0703,211800
-122.48,37.76,52,2684,574,1395,549,3.9097,323800
-122.49,37.76,52,1382,230,708,279,5.8096,339800
-122.49,37.76,52,2564,502,1092,459,3.5302,329600
-122.48,37.75,52,2074,401,1136,409,4.7703,331000
-122.49,37.75,48,2181,419,1041,379,3.7361,320200
-122.49,37.75,48,2387,424,1041,408,3.7562,321200
-122.48,37.74,52,2166,423,1072,370,4.131,314300
-122.51,37.76,43,2527,619,1332,558,3.0465,274200
-122.5,37.75,46,2298,457,1429,477,4.0217,272400
-122.47,37.78,52,1941,436,955,425,4.1339,396400
-122.48,37.78,44,3371,794,1738,753,3.1653,335300
-122.49,37.78,46,3304,792,1783,777,3.6148,352200
-122.48,37.78,52,2666,515,1362,494,4.218,393800
-122.42,37.72,42,4219,1125,3549,993,1.2387,212800
-122.4,37.71,47,1649,328,1183,356,3.3625,223700
-121.29,37.95,16,761,306,438,282,0.7714,87500
-121.29,37.97,52,1610,480,1025,440,1.2962,110200
-121.31,37.96,52,2654,468,1157,494,3.226,107600
-121.28,37.94,48,1766,444,1406,421,1.7039,52700
-121.31,37.94,41,375,108,323,98,1.9531,45000
-121.3,37.94,40,452,109,412,97,1.3417,60800
-121.31,37.96,52,1938,332,788,320,3.6094,118400
-121.32,37.96,47,1700,344,922,357,3.1845,87200
-121.29,37.98,42,625,143,533,159,2.625,65400
-121.3,37.98,47,2373,461,990,444,4.175,98300
-121.3,37.99,38,2375,494,1167,471,2.6673,87500
-121.28,37.99,42,495,116,284,97,2.8854,55700
-121.26,37.98,32,3274,820,2050,738,2.1265,55700
-121.29,37.99,45,965,198,498,195,1.6944,75200
-121.26,37.96,43,527,133,367,152,2.5,63600
-121.26,37.96,40,535,105,335,102,2.5234,62800
-121.25,37.95,46,2001,428,1384,401,1.9402,62200
-121.29,37.93,37,2488,578,1854,514,2.551,59100
-121.28,37.93,23,1491,346,1223,343,2.1591,67800
-121.36,38.01,16,2178,667,1192,579,2.3339,87100
-121.33,38.01,27,1612,234,630,255,5.318,155100
-121.34,38,32,3877,687,1642,647,4.0444,129200
-121.31,37.99,15,3103,965,3061,861,1.3729,110300
-121.33,38.03,19,1708,291,906,288,4.918,130600
-121.35,38.04,5,4303,613,2206,621,5.5842,159100
-121.36,38.04,9,2167,370,1290,351,5.0285,148200
-121.34,38.03,12,2707,433,1200,380,4.9861,133500
-121.36,38.03,14,2356,438,1378,481,3.7375,138800
-121.32,38.03,25,2474,513,1947,524,2.5742,98400
-121.29,38.03,7,2021,441,1615,406,2.5842,111300
-121.29,38,4,1392,322,1784,309,2.375,124500
-121.27,38.02,32,342,58,138,52,2.9821,155000
-121.19,38.04,35,703,117,290,107,3.225,177100
-121.17,37.97,28,1374,248,769,229,3.6389,130400
-121.23,37.95,32,2081,472,1342,411,2.7958,59000
-121.23,37.87,49,98,24,59,26,3.65,162500
-121.49,37.94,31,1860,394,1848,293,2.2891,162500
-121.38,37.88,44,1158,226,1094,224,2.6842,156300
-121.29,38.13,31,1008,212,453,195,2.3917,113500
-121.27,38.14,33,3557,894,2659,894,2.2883,86900
-121.27,38.13,40,2402,509,1197,486,2.1771,98200
-121.29,38.13,20,3168,514,1390,490,5,154800
-121.28,38.11,10,2974,588,1559,568,3.8825,136800
-121.27,38.11,15,2039,384,1178,375,3.8672,120100
-121.25,38.14,16,1174,242,464,261,2.3,133300
-121.26,38.14,10,3371,665,1823,654,3.5333,116800
-120.97,37.84,28,2368,430,1231,403,2.883,141900
-121.25,37.76,22,2430,417,1292,391,3.4009,182400
-121.21,37.8,44,300,72,160,73,2.1786,120800
-121.21,37.79,33,811,185,446,198,1.6724,96900
-121.21,37.8,33,1862,429,971,389,2.6053,99200
-121.2,37.8,37,311,61,171,54,4.0972,101800
-121.18,37.79,16,1326,286,509,297,1.9464,112500
-121.23,37.78,20,273,49,149,49,4.8229,158300
-121.27,37.79,16,1853,390,1013,362,2.7083,173900
-121.23,37.79,21,1922,373,1130,372,4.0815,117900
-121.28,37.83,32,696,151,443,144,2.5156,86300
-121.44,37.7,5,1365,196,591,156,6.0389,215100
-121.42,37.74,38,773,147,320,134,2.825,152500
-121.43,37.75,41,1717,325,855,303,2.75,127300
-121.44,37.76,5,7264,1285,3670,1146,5.0443,194800
-121.42,37.74,19,1393,367,915,355,1.1957,103100
-121.43,37.73,40,1718,391,1312,388,2.9955,134700
-120.67,35.63,8,2690,410,1085,381,4.2841,256700
-120.82,35.32,12,3522,683,1780,662,3.3958,215800
-120.83,35.32,11,3252,701,1814,660,3.2226,183200
-120.8,35.33,20,2200,393,996,365,3.587,330000
-120.66,35.28,46,2054,502,1170,494,2.1786,206300
-120.66,35.26,15,5540,1319,2383,1165,2.2656,226200
-120.67,35.3,32,4202,986,2309,956,2.2165,231700
-120.7,35.31,24,3504,521,1490,506,4.6719,337000
-120.7,35.28,14,3768,682,1884,664,4.6071,239900
-120.57,35.12,39,1656,333,866,317,2.8824,195200
-120.6,35.11,17,2495,524,1292,501,2.2625,153000
-120.6,35.1,16,3290,686,1497,655,2.6875,178200
-120.56,35.07,14,6788,1216,2866,1036,3.3603,280200
-120.52,35.06,11,1317,234,655,243,4.3611,329700
-120.66,35.46,17,3748,609,1860,612,4.5179,225600
-120.65,35.41,15,6725,1111,3139,1029,4.1875,261600
-122.41,37.7,23,1817,400,1376,382,2.4113,214200
-122.48,37.7,33,4167,1398,2923,1314,3.049,307000
-122.48,37.71,39,3615,632,1571,615,5.1149,314200
-122.49,37.68,35,2405,461,1583,471,5.0659,238000
-122.48,37.69,43,2661,455,1384,456,4.2421,257500
-122.48,37.68,31,3506,653,2296,645,5.5647,268700
-122.43,37.66,29,3541,786,2259,770,4.3039,278400
-122.44,37.67,35,1814,365,1025,384,4.425,268400
-122.41,37.66,44,431,195,682,212,3.2833,233300
-122.42,37.66,26,3253,932,2246,855,2.6631,244000
-122.43,37.64,42,4091,757,1861,771,4.207,272700
-122.46,37.64,17,3523,669,2150,666,4.5938,251200
-122.47,37.65,27,8103,1655,5023,1605,4.6452,236200
-122.53,37.66,25,7778,1493,4674,1451,5.4694,272400
-122.48,37.64,7,120,21,50,27,12.5,281000
-122.43,37.63,34,4135,687,2154,742,4.9732,342300
-122.42,37.62,39,1355,214,682,246,6.3443,324700
-122.42,37.62,43,2367,409,1141,400,4.8295,319000
-122.41,37.6,31,4424,834,1915,817,4.1364,412000
-122.38,37.58,52,2039,299,772,303,6.471,500001
-122.33,37.58,40,2362,468,992,425,4.7917,359900
-122.34,37.56,39,3562,391,1139,391,12.6417,500001
-122.34,37.57,52,2635,408,967,374,7.0422,500001
-122.34,37.57,52,2547,373,876,359,8.2598,500001
-122.35,37.57,52,2170,269,784,274,10.4286,500001
-122.33,37.58,27,5144,1481,2518,1447,3.4836,287900
-122.33,37.58,28,2784,736,1534,685,3.38,285400
-122.31,37.57,42,3157,676,1603,629,3.7422,292600
-122.32,37.56,26,2339,704,1283,654,3.162,415000
-122.32,37.55,50,2501,433,1050,410,4.6406,500001
-122.33,37.55,33,2199,312,827,319,6.1349,500001
-122.32,37.54,34,3661,692,1608,656,5.0774,407200
-122.3,37.53,40,1833,308,751,306,6,384200
-122.31,37.54,42,1159,261,465,247,3.1842,352800
-122.31,37.56,45,1685,321,815,314,4.2955,309700
-122.3,37.57,36,2406,436,1189,403,4.7917,276100
-122.28,37.55,17,4199,629,2020,630,6.1228,375700
-122.27,37.56,5,4921,1179,1810,1073,5.6936,322200
-122.27,37.54,5,2140,420,990,394,6.035,438800
-122.28,37.54,24,5114,1357,3169,1268,3.9699,293200
-122.29,37.54,43,2268,438,1151,449,4.9091,293200
-122.29,37.53,35,2043,511,1089,504,3.0278,310600
-122.28,37.52,38,2197,357,1228,373,5.4719,397900
-122.3,37.52,38,2769,387,994,395,5.5902,417000
-122.29,37.51,35,3040,520,1374,518,6.1004,426400
-122.26,37.52,34,483,131,291,157,3.0833,256300
-122.26,37.5,24,2307,510,842,507,3.6111,341500
-122.28,37.49,25,7335,1157,2626,1049,6.5475,500001
-122.24,37.48,40,4459,1027,2080,982,3.5322,361900
-122.2,37.48,32,640,166,991,160,1.9844,270000
-122.2,37.48,41,733,155,652,140,5.1654,233600
-122.19,37.48,45,886,165,492,173,4.2708,267000
-122.22,37.47,35,367,113,398,109,2.5,166700
-122.22,37.47,28,5956,1612,3571,1549,3.1864,272800
-122.18,37.46,40,2529,293,831,258,15.0001,500001
-122.14,37.5,46,30,4,13,5,15.0001,500001
-122.13,37.46,37,1576,334,1385,323,2.5294,159400
-122.13,37.46,31,2247,573,1711,511,3.2642,185600
-122.18,37.45,43,2061,437,817,385,4.4688,460200
-122.2,37.4,37,1296,194,540,192,8.2782,500001
-122.21,37.38,28,4518,578,1489,559,11.3176,500001
-122.25,37.45,34,2999,365,927,369,10.2811,500001
-122.27,37.43,33,1601,223,629,215,15.0001,500001
-122.47,37.5,18,2297,416,1086,381,4.875,334600
-122.48,37.51,22,1564,278,761,270,4.7578,318500
-122.27,37.32,37,2607,534,1346,507,5.3951,277700
-122.27,37.24,30,2762,593,1581,502,5.1002,319400
-122.38,37.18,52,1746,315,941,220,3.3047,286100
-119.77,34.44,24,5652,1313,2312,1294,2.4717,295300
-119.79,34.45,24,2746,433,1076,380,5.8635,348700
-119.78,34.48,21,2377,322,1007,328,7.9248,500001
-119.73,34.43,35,2703,654,1383,631,4.5278,340400
-119.71,34.43,18,1170,372,681,346,2.1974,255000
-119.72,34.47,34,3262,533,1265,502,5.8411,381800
-119.73,34.44,48,2114,390,973,367,4.8021,351100
-119.74,34.45,29,2526,388,1092,409,6.0597,383100
-119.69,34.43,43,1257,311,671,263,2.875,280600
-119.68,34.44,23,2600,398,917,374,8.7394,500001
-119.68,34.42,38,1452,354,1139,340,2.707,236800
-119.67,34.42,37,1673,444,1477,446,2.0643,246700
-119.7,34.42,52,329,109,291,102,1.4722,350000
-119.69,34.42,17,1826,544,1325,532,1.2762,253600
-119.71,34.42,50,840,279,488,270,2.2097,258300
-119.7,34.41,52,1526,458,1633,449,2.2069,226500
-119.71,34.42,23,2068,658,1898,570,2.5506,230800
-119.7,34.36,35,1604,334,904,337,4.7411,336400
-119.7,34.41,19,2086,575,1701,530,2.8042,236100
-119.63,34.44,37,3188,442,984,376,9.4522,500001
-119.53,34.38,22,2323,727,1301,478,2.7864,300000
-120.12,34.6,10,2426,426,966,419,5.5106,290900
-120.16,34.61,17,921,189,434,219,3.0185,500001
-120.43,34.86,17,3172,506,1538,473,4.3125,168100
-120.41,34.88,8,3119,620,1159,544,3.5288,165500
-120.43,34.87,26,1699,272,799,266,3.9871,157700
-120.41,34.87,32,1997,317,866,281,5.062,158900
-120.41,34.87,15,1534,251,761,240,4.9028,193600
-120.43,34.95,43,2020,344,692,310,3.6815,181800
-120.42,34.97,18,1932,350,1071,346,4.125,139800
-120.42,34.96,14,2069,343,1240,338,4.5066,149800
-120.45,34.97,10,1897,354,1353,357,3.7679,131300
-120.44,34.93,16,2098,558,1252,492,2.1509,67500
-120.59,34.7,29,17738,3114,12427,2826,2.7377,28300
-120.46,34.65,22,1298,358,1272,363,1.6488,117500
-120.44,34.64,8,787,126,446,133,4.6023,163400
-120.45,34.64,27,2696,622,1322,543,3.0352,135400
-120.45,34.64,40,1051,235,574,201,2.0865,111500
-120.46,34.65,14,885,223,533,224,2.5966,109300
-120.46,34.63,48,1408,301,682,279,2.9271,146600
-120.43,34.7,26,2353,389,1420,389,3.87,125800
-119.88,34.43,16,2206,541,1227,554,3.75,223100
-119.92,34.44,17,2143,324,1073,330,6.0321,402600
-119.86,34.38,28,1062,309,1058,305,1.5071,316700
-119.81,34.44,23,3172,588,1467,559,4.6806,288900
-119.82,34.44,22,2239,475,1016,434,4.875,295400
-119.8,34.43,22,2845,500,1456,454,5.6604,276400
-121.93,37.33,44,2142,358,846,375,5.4273,421000
-121.91,37.33,28,454,147,366,140,2.9853,187500
-121.91,37.33,52,2212,563,1195,532,2.894,209500
-121.88,37.34,40,1547,625,1493,543,1.2887,212500
-121.88,37.34,52,1390,365,921,352,2.1442,188900
-121.86,37.35,46,1448,330,1094,331,2.4968,174100
-121.86,37.34,29,5274,1625,6234,1639,2.5947,177300
-121.86,37.34,40,2277,508,1718,434,3.0089,185200
-121.88,37.32,40,1331,374,1276,389,2.7546,172500
-121.94,37.33,37,818,269,576,261,2.1902,250000
-121.93,37.32,50,1135,215,500,207,4.2614,211300
-121.93,37.3,16,2111,485,1285,499,5.0477,292500
-121.93,37.31,29,1377,430,969,399,2.6573,252800
-121.93,37.3,14,6277,1742,3025,1630,4.0653,234200
-121.89,37.3,47,1604,284,639,278,5.8415,283300
-121.89,37.3,47,2355,426,961,428,5.3955,282300
-121.93,37.27,30,2862,544,1387,542,5.1104,278100
-121.92,37.28,27,3028,486,1284,498,4.5833,308800
-121.92,37.28,26,6201,783,2381,819,7.9819,397000
-121.9,37.27,33,3410,583,1739,588,5.0714,255600
-121.88,37.26,25,3025,689,1755,661,3.8893,218600
-121.87,37.32,39,1839,471,1528,456,2.6818,184900
-121.86,37.32,13,2519,581,2094,530,4.3621,173400
-121.84,37.32,22,3015,581,2491,530,4.3419,176300
-121.87,37.28,21,3305,749,2459,701,3.9688,249600
-121.84,37.28,18,2749,633,1779,561,3.925,166100
-121.83,37.29,20,1649,408,1729,362,3.3833,115200
-121.83,37.28,33,1115,250,1168,261,3.9009,178600
-121.81,37.31,15,1898,395,1527,381,4.4792,212500
-121.82,37.32,10,2506,623,2634,622,3.135,231400
-121.79,37.33,13,2978,505,1794,485,6.6813,277800
-121.81,37.3,15,1929,345,1683,347,5.5248,235600
-121.82,37.34,23,7609,1446,6034,1414,4.8424,195300
-121.86,37.37,15,8162,2124,8793,2086,3.3306,210300
-121.83,37.38,15,4430,992,3278,1018,4.5533,209900
-121.81,37.38,29,570,76,244,72,12.3292,416700
-121.79,37.38,22,3650,527,1637,520,5.3774,325600
-121.87,37.39,9,2522,547,1591,481,4.9091,259700
-121.87,37.39,16,2655,487,1862,448,6.057,246800
-121.87,37.38,16,1050,245,722,228,4.5187,163500
-121.85,37.39,15,8748,1547,4784,1524,5.8322,276600
-121.9,37.39,42,42,14,26,14,1.7361,500001
-121.87,37.38,14,3851,534,2052,478,7.0735,335600
-121.86,37.4,21,1386,260,946,257,6.5226,258500
-121.85,37.41,25,1837,278,1006,271,6.6842,265300
-121.87,37.43,22,3805,596,2118,621,6.2892,254200
-121.87,37.42,19,12128,2112,6810,2040,6.4419,264500
-121.9,37.45,16,2952,446,1525,460,5.6063,320500
-121.9,37.41,24,4759,921,3188,902,5.6344,228700
-121.99,37.4,24,3217,689,1196,684,3.4896,226700
-121.99,37.39,25,3495,834,2484,797,4.8145,230700
-122.01,37.4,14,4841,1130,813,517,3.7614,137500
-122.01,37.4,24,1297,297,441,282,3.1439,47500
-121.91,37.36,42,3224,708,1940,674,3.2153,199700
-121.96,37.35,37,1755,325,699,321,3.925,251300
-121.95,37.35,36,832,211,545,211,3.2813,244400
-121.94,37.34,36,3142,632,1372,560,5.0175,246100
-121.98,37.31,28,3840,629,1883,662,6.4095,335900
-121.96,37.31,26,4310,678,1819,686,7.0469,365500
-121.97,37.3,25,5463,1351,2758,1310,3.0079,277300
-121.95,37.32,33,726,168,351,147,3.1458,270500
-121.94,37.3,30,1758,248,814,256,6.623,332500
-121.94,37.29,22,2593,637,1249,623,3.75,212500
-121.98,37.29,31,2750,664,1459,660,3.2287,264900
-121.96,37.27,22,6114,1211,2983,1163,5.2533,269100
-121.91,37.24,24,5046,1001,2449,968,4.7118,274600
-121.96,37.22,35,4709,723,1866,694,8.492,500001
-121.95,37.21,20,2345,322,890,276,10.0187,500001
-122,37.23,36,3191,430,1234,440,9.0704,500001
-122.02,37.26,34,1764,243,692,223,8.0331,500001
-122.01,37.25,31,1574,193,551,191,10.2311,500001
-122.07,37.31,24,4401,698,1818,685,7.2986,500001
-122.08,37.31,17,2560,396,959,400,7.8528,368900
-122.04,37.31,29,2476,434,1217,416,6.2045,393800
-122.01,37.3,25,4044,551,1699,533,8.0837,380600
-122.02,37.3,26,1983,301,924,297,6.7123,354600
-122.02,37.32,27,4336,754,2009,734,6.3923,348300
-122,37.35,20,4304,851,2059,835,5.1674,333000
-122.06,37.37,32,2510,578,1160,581,4.9087,322700
-122.05,37.36,29,1733,255,679,278,7.5337,406800
-122.03,37.36,16,2697,803,1369,723,4.4699,367400
-122.02,37.35,17,2975,608,1465,577,5.8779,362200
-122.03,37.35,19,3811,1227,1930,1153,3.5154,311400
-122.01,37.35,16,3716,916,1551,759,4.5,323600
-122.03,37.37,9,2966,770,1430,740,3.0047,256000
-122.03,37.38,21,2667,798,1433,727,3.8732,252400
-122.06,37.38,20,2976,766,1227,634,4.8625,262500
-122.07,37.41,26,1184,225,815,218,5.7657,322300
-122.08,37.4,25,1750,341,999,319,5.806,308700
-122.1,37.41,33,6277,1274,3025,1211,5.4721,343300
-122.09,37.4,22,1489,436,662,470,3.5179,197200
-122.11,37.41,27,5110,1599,2764,1482,3.4198,351900
-122.09,37.39,30,1722,490,1057,517,3.725,261300
-122.08,37.39,44,1498,430,848,400,2.8438,307100
-122.1,37.39,36,1860,367,794,366,5.0871,354500
-122.09,37.39,36,1035,196,475,205,5.5385,359000
-122.09,37.38,34,1959,342,849,357,6.2884,414700
-122.08,37.38,25,830,228,368,174,3.3917,342900
-122.07,37.36,21,3244,426,1158,415,7.5,500001
-122.06,37.36,34,1747,250,662,257,6.8268,500001
-122.08,37.36,28,2181,284,728,238,8.2266,500001
-122.07,37.34,30,1851,238,631,236,10.1007,500001
-122.08,37.34,23,2597,335,922,338,10.5142,500001
-122.08,37.35,33,2398,317,832,314,10.3591,500001
-122.12,37.4,31,2356,405,921,358,7.0245,500001
-122.12,37.38,34,1443,218,504,200,8.4709,500001
-122.11,37.43,35,3905,565,1562,553,7.313,463700
-122.12,37.42,35,2445,533,1187,519,5.2803,362100
-122.12,37.42,36,2607,551,1165,523,5.1524,373100
-122.13,37.45,41,3233,540,1251,506,6.6354,500001
-122.16,37.44,34,2199,529,1193,532,4.2972,405900
-122.17,37.43,24,3924,1142,7174,950,4.0972,387500
-122.1,37.36,32,1433,199,498,201,9.3586,500001
-122.09,37.35,30,1502,186,501,180,10.0259,500001
-121.9,37.24,24,7521,1364,3970,1318,4.4004,255800
-121.84,37.18,6,9176,1201,3637,1138,8.3837,473400
-121.83,37.2,6,3694,574,1554,527,6.8333,348000
-121.76,37.23,16,4274,715,2240,704,5.4218,233900
-121.8,37.27,17,3912,737,2693,746,5.0772,221500
-121.81,37.26,14,3379,683,1465,620,4.0547,236200
-121.81,37.26,16,1911,327,1158,332,5.9359,249500
-121.87,37.26,17,1051,172,446,173,5.6652,234500
-121.85,37.26,16,1982,280,1030,297,6.4339,289200
-121.84,37.26,5,1808,340,825,339,5.0509,184800
-121.87,37.25,4,2498,775,1213,631,3.7844,183900
-121.81,37.25,5,1975,520,861,440,4.4565,159000
-121.78,37.23,18,1747,317,1055,285,5.898,229100
-121.79,37.23,17,2281,359,1226,394,5.4193,259500
-121.7,37.2,15,531,154,469,155,4.65,385700
-121.61,37.15,16,5498,729,2051,694,7.8601,416300
-121.6,37.13,14,9483,1361,4108,1281,7.5,344500
-121.63,37.12,17,1830,398,1110,388,2.4821,248200
-121.66,37.11,19,3785,611,2198,610,5.1514,436700
-121.62,37.09,37,1593,303,1030,287,3.9306,260700
-121.59,37.02,14,6355,1279,3704,1224,4.4233,228600
-122.01,36.98,47,1250,249,607,234,4.0417,265300
-122.06,37,14,1547,374,4731,348,2.4732,131300
-122.02,36.98,21,607,155,226,136,1.9063,166700
-122.03,36.97,36,337,69,223,68,3.2404,225000
-122.04,36.96,32,1438,306,802,293,4.1964,202000
-122.05,36.96,30,971,185,644,173,4.2045,226500
-121.75,36.92,48,1801,353,1071,361,3.6,194500
-121.75,36.92,46,1362,321,1068,305,2.4615,177800
-121.76,36.91,23,1276,437,1359,376,1.9609,155000
-121.77,36.92,9,4934,1112,3198,977,3.5,194800
-121.78,36.93,21,2794,662,2236,565,2.4053,178400
-122.12,37.09,36,1397,289,661,243,4.125,239600
-122.16,37.17,35,6422,1380,2755,1064,5.0165,202300
-122.11,37.14,29,3201,640,1722,570,4.4597,204100
-122.05,37.05,41,2422,502,915,366,4.1679,201300
-122.03,37.03,21,4650,733,2014,704,5.6233,322000
-122.04,37.08,20,467,95,229,86,4.8,261500
-121.87,37.1,20,1918,304,798,302,7.5755,402300
-122.01,37.03,21,5904,956,2616,916,5.9039,355300
-121.98,36.99,14,6787,1454,3416,1357,3.5943,262400
-121.98,36.96,20,3495,818,2186,772,3.1167,258300
-121.99,36.97,15,3044,786,1306,693,2.1771,213200
-121.96,36.98,16,4907,1117,2265,1048,2.6757,229200
-121.97,36.97,15,2849,668,1546,582,2.7587,228600
-121.95,36.98,34,3745,958,1622,802,3.1546,261200
-121.96,37,20,3847,727,1725,737,3.3447,305200
-121.94,36.99,11,4571,924,2004,847,4.2898,221700
-121.9,36.97,21,3707,751,1420,608,4.4485,295200
-121.76,37,21,1416,269,779,200,3.1987,279800
-121.77,36.96,20,4228,816,2389,844,3.525,229100
-122.41,40.58,35,2072,385,1029,375,2.8512,75600
-122.39,40.64,13,3604,704,1598,670,2.4141,78700
-122.46,40.52,13,2085,322,1077,333,5.2149,146500
-122.41,40.53,28,1127,245,538,208,2.037,72000
-122.42,40.63,23,2248,489,1132,444,1.6429,80400
-122.36,40.69,32,3611,772,2060,759,1.7427,60600
-122.35,40.68,36,1822,449,930,399,1.3801,56600
-122.31,40.75,18,1411,330,494,227,1.4911,75800
-122.31,40.45,25,2596,557,1536,549,2.0221,60400
-122.31,40.47,26,2723,551,1326,547,2.3594,66000
-122.25,40.42,17,1429,265,692,245,2.8611,98700
-122.37,40.39,12,3783,702,1970,639,3.3005,98500
-122.07,40.95,14,2721,627,1356,468,3.0299,73200
-121.86,40.77,17,2816,639,1027,406,2.503,65600
-121.67,40.89,17,2548,537,1118,461,2.267,57800
-120.23,39.56,14,1781,346,734,287,2.46,93000
-121.93,41.86,28,4225,835,1908,686,1.74,44000
-122.9,41.46,31,1277,263,600,241,1.7292,61700
-122.39,41.41,23,910,199,370,169,1.7448,80100
-122.3,41.31,29,4059,787,1700,702,2.4526,97100
-122.22,38.12,15,14125,2344,6456,2147,5.1014,179500
-122.26,38.1,30,3317,1058,1794,990,1.1835,133300
-122.25,38.1,52,1591,372,817,357,2.1411,97200
-122.23,38.11,47,3007,524,1152,486,4,141500
-122.25,38.11,49,2365,504,1131,458,2.6133,103100
-122.25,38.11,52,2846,705,1519,620,2.1976,97900
-122.25,38.15,24,2917,543,1878,531,3.7014,123600
-122.18,38.29,18,1953,265,658,270,8.0113,393000
-122.18,38.23,21,2475,341,812,308,7.2589,320400
-122.14,38.16,4,3273,495,1497,454,5.3345,176100
-122.18,38.17,7,4093,651,2228,646,5.2523,161300
-122.04,38.28,12,3861,795,2129,806,3.676,135000
-121.98,38.29,4,8778,1291,4010,1188,5.4399,187100
-121.99,38.15,36,263,73,88,42,2.5313,162500
-122.04,38.25,38,1214,244,632,254,2.8438,94200
-122.04,38.25,52,582,131,241,106,2.4,125000
-122.03,38.27,24,3580,735,1959,731,2.7284,118500
-122.03,38.24,16,1104,164,495,156,5.4074,157700
-122.04,38.24,22,2761,757,2612,641,1.6875,87500
-122.03,38.25,13,3334,541,1923,538,4.0905,134800
-122.02,38.25,10,2237,454,1255,429,3.1176,126500
-121.94,38.37,14,1156,216,574,227,3.2396,143800
-121.96,38.34,14,3035,680,1597,663,3.6036,143500
-121.93,38.31,25,185,32,85,32,4.875,250000
-121.99,38.35,45,1778,339,839,319,2.4659,102900
-122,38.35,24,745,116,300,115,3.6176,158500
-121.97,38.35,17,5678,1116,3182,1135,3.7388,122000
-121.97,38.34,16,2331,450,1074,400,4.0329,126800
-122,38.35,34,432,65,208,71,5.5435,136000
-122.02,38.38,16,808,137,371,145,6.0767,216400
-122.02,38.37,16,2495,331,1118,338,6.4894,198000
-122.01,38.36,15,1176,166,485,171,5.9441,228200
-121.99,38.36,33,146,31,75,31,3.5179,84400
-121.83,38.43,24,1307,314,917,291,2.2244,98100
-121.74,38.15,22,1910,326,1001,345,4.8173,115800
-122.47,38.29,14,3732,846,1277,775,2.5658,208000
-122.48,38.31,29,2375,560,1124,502,2.3276,166200
-122.54,38.36,40,2725,531,1167,458,3.7969,202800
-122.61,38.25,18,2915,418,1340,421,5.2452,204900
-122.63,38.23,45,2264,504,1076,472,3.0139,194100
-122.63,38.23,37,1966,348,875,381,4.0703,223800
-122.65,38.23,52,1735,347,712,343,3.1711,200800
-122.64,38.25,31,2554,515,1507,533,3.8,162600
-122.67,38.25,32,1333,235,660,206,4.0729,288500
-122.71,38.35,11,2242,699,1203,642,2.3464,104200
-122.7,38.35,16,1328,187,607,197,5.0366,257800
-122.67,38.44,29,2551,448,1165,456,4.3587,196400
-122.68,38.43,18,2723,529,1150,520,3.5885,191900
-122.61,38.42,13,7731,1360,2543,1249,4.6957,259800
-122.69,38.44,35,1356,241,620,216,3.5521,168300
-122.72,38.46,35,1445,309,795,308,2.9073,157000
-122.68,38.46,17,3201,527,1244,495,4.7143,202900
-122.65,38.46,14,2096,420,926,397,4.0647,187800
-122.69,38.51,18,3364,501,1442,506,6.6854,313000
-122.6,38.48,17,1528,264,606,251,6.6004,341500
-122.62,38.54,24,2409,464,1006,403,4.5167,265200
-122.78,38.52,23,2511,549,1052,527,2.4922,192000
-122.73,38.47,16,1834,391,994,390,3.7266,156500
-122.78,38.44,14,4143,656,1569,629,3.9766,345300
-122.72,38.42,26,3604,734,2605,704,3.0969,143800
-122.73,38.37,40,1389,309,841,288,3.1094,183300
-122.75,38.43,36,1599,345,1086,314,2.6667,149100
-122.78,38.41,43,1351,277,1011,297,2.5917,144000
-122.89,38.38,16,2017,369,931,336,5.7664,267500
-122.87,38.48,27,3894,776,1832,715,3.5085,187800
-122.88,38.46,25,1563,314,737,305,2.5687,249200
-122.82,38.55,8,6190,1088,2967,1000,3.8616,195100
-122.87,38.62,52,1514,348,767,354,2.1903,160000
-122.87,38.62,18,2721,557,1667,539,3.1875,176100
-122.85,38.62,16,4418,704,1908,697,4.5913,244600
-122.87,38.68,32,4073,718,2053,629,3.7352,228000
-123.01,38.79,32,2697,529,1417,535,3.2546,134100
-123.1,38.79,20,3109,712,1643,638,2.8344,164400
-120.79,37.82,17,4227,729,1809,679,3.2667,269500
-120.87,37.77,9,4838,920,2460,923,3.5959,142700
-120.83,37.76,21,435,96,219,83,2.9125,112500
-120.91,37.74,19,1690,327,855,296,3.25,176700
-121.09,37.67,30,1653,285,800,291,3.3482,220000
-121.06,37.7,7,9374,1847,4827,1722,3.462,151900
-121.02,37.71,25,207,41,87,43,3.6023,131300
-121.06,37.67,31,906,146,383,129,3.4167,196900
-121.06,37.66,6,3655,598,1993,596,4.6053,150100
-121.01,37.69,20,3275,760,1538,705,2.48,135600
-121.04,37.68,28,1909,398,1140,380,2.3783,81400
-120.99,37.67,16,568,124,307,116,2.1518,107400
-120.97,37.67,31,1648,293,792,294,2.4,121500
-120.96,37.66,15,2485,434,1296,434,3.8542,145200
-120.97,37.66,24,2930,588,1448,570,3.5395,127900
-120.99,37.66,30,1718,395,914,400,1.933,107000
-121.01,37.67,37,2483,459,1072,445,3.0721,108100
-121,37.66,43,2039,331,875,342,3.9844,152000
-121.03,37.67,24,2162,459,1468,441,3.1857,98300
-121.03,37.66,31,887,217,614,199,2.1528,75500
-121.01,37.64,33,693,207,598,192,1.0217,81300
-121,37.64,43,311,95,293,94,1.2902,67500
-121,37.65,17,484,202,198,204,0.6825,187500
-120.97,37.64,42,2359,504,1131,480,2.0833,95500
-120.96,37.65,34,1700,325,972,326,2.4485,95500
-120.98,37.64,39,2617,659,2052,642,1.6952,65000
-121.01,37.62,35,568,150,622,145,1.8167,79500
-120.99,37.63,21,319,120,276,85,2.4792,60000
-120.96,37.59,11,4236,879,2410,850,2.3849,122000
-120.77,37.64,8,3294,667,2277,652,2.6417,96800
-120.76,37.61,30,816,159,531,147,3.2604,87900
-120.8,37.61,30,918,154,469,139,3.9688,175000
-120.83,37.58,30,1527,256,757,240,3.6629,171400
-120.87,37.6,32,4579,914,2742,856,2.6619,86200
-120.92,37.6,12,4485,805,2445,832,3.7611,123100
-120.93,37.56,17,1812,361,672,334,1.55,166100
-121.02,37.58,36,1285,270,706,273,1.7169,121400
-121.09,37.56,32,1717,325,1356,307,2.6705,91900
-121.27,37.56,31,1223,330,1067,245,2.8558,100000
-120.96,37.48,32,1256,212,682,236,2.9844,135900
-120.8,37.53,29,1162,254,726,225,2.1932,90600
-120.81,37.53,15,570,123,189,107,1.875,181300
-121.61,39.14,44,2035,476,1030,453,1.4661,65200
-121.62,39.13,41,1317,309,856,337,1.6719,64100
-121.62,39.12,26,1405,204,627,215,4.2188,94200
-121.63,39.12,32,2574,425,1099,391,4.3864,117500
-121.64,39.11,18,3212,542,1817,508,3.3793,92900
-121.66,39.09,27,2098,372,1090,333,4.45,96200
-121.71,39.25,37,1871,321,806,294,4,101400
-121.64,39.22,37,1189,248,627,219,3.8611,100000
-121.67,39.26,29,3041,683,2106,687,1.6315,58000
-121.74,39.15,20,2302,412,1205,399,2.8,71200
-121.7,39.07,26,2668,510,1437,505,3.3125,100000
-122.23,40.32,10,2336,426,1003,368,3.0833,81300
-122.38,40.09,16,2077,388,1155,389,3.1361,84800
-122.57,39.9,15,3873,810,1697,627,2.4555,55600
-122.72,40.17,16,396,78,188,72,1.3889,87500
-122.24,40.16,19,2500,509,1293,494,2.035,55100
-122.12,39.91,16,4006,797,2028,752,2.3929,77200
-122.23,39.95,21,2087,382,888,361,2.207,86400
-123.53,40.88,20,2680,599,918,345,2.2115,75000
-119.44,36.48,27,1546,415,1704,395,1.1728,41700
-119.48,36.44,22,1389,290,1185,271,2.0857,49200
-119.48,36.54,28,2112,363,1011,335,4.2222,108900
-119.38,36.56,14,3965,804,1945,733,2.6906,95300
-119.38,36.55,31,2342,439,1411,465,3.017,72000
-119.39,36.54,30,1408,326,1184,324,1.7165,59100
-119.29,36.53,33,1509,352,1734,336,1.625,50300
-119.35,36.42,18,1115,193,1742,176,2.7969,123800
-119.31,36.34,14,2985,607,2250,607,2.1602,65200
-119.32,36.33,18,2603,478,1158,423,4.5938,150500
-119.31,36.33,46,1636,338,772,332,2.425,84900
-119.24,36.33,9,3289,621,1866,631,3.1599,95000
-119.11,36.29,18,1666,294,859,301,2.6065,93800
-119.21,36.3,23,951,235,806,222,1.7734,41400
-119.25,36.32,32,1821,345,812,299,2.75,72200
-119.31,36.32,44,2032,308,791,336,4.0298,109000
-119.3,36.3,14,3023,469,1523,492,5.3602,118600
-119.33,36.32,19,2778,431,1092,451,5.2561,121300
-119.32,36.3,15,2864,571,1480,475,2.9698,93400
-119.35,36.22,32,1290,304,852,309,1.4429,54600
-119.33,36.21,38,3115,622,1238,606,2.6083,67000
-119.32,36.22,5,2319,438,1283,423,3.6343,95400
-119.09,36.22,34,1715,290,780,297,3.4306,74300
-119.09,36.21,43,1335,280,943,288,1.9861,47700
-119.32,36.2,25,1427,246,772,221,2.2262,64500
-119.37,36.19,24,1306,266,889,276,2.4922,66100
-119.31,36.06,20,2236,434,1405,412,1.8827,48700
-119.19,36.06,29,1815,376,1421,339,1.9091,71300
-119.19,36.14,41,759,140,408,129,3.9,85900
-119.03,36.13,24,2259,408,1169,395,1.7106,95500
-118.92,36.04,28,1148,233,521,212,2.9208,98500
-119.02,36.07,39,1173,269,702,232,1.6146,53100
-119.01,36.07,44,2450,575,1330,508,1.6103,50900
-118.98,36.06,33,2043,443,1497,417,2.343,47400
-118.97,36.06,26,1289,262,1100,244,1.975,51400
-118.99,36.07,21,983,165,672,169,2.975,63900
-118.99,36.06,19,2153,458,1317,386,1.7564,42600
-119,36.06,41,937,158,396,142,4.0833,81300
-119.31,35.99,26,1460,316,880,286,1.3676,47800
-119.12,35.85,37,736,166,564,138,2.4167,58300
-120.26,38.13,17,301,94,122,47,4.0583,87500
-120.4,38.06,12,1430,310,517,240,2.6544,128100
-120.33,38,14,1944,330,822,314,3.5,170700
-120.19,38.03,17,8651,1579,2071,757,3.1076,115800
-120.03,38.19,26,7005,1358,416,189,2.125,132500
-120.13,37.93,5,111,26,58,25,1.675,112500
-118.88,34.42,20,728,120,360,115,6.1244,375000
-119.08,34.35,24,3663,828,2718,778,3.2757,186000
-119.12,34.38,28,7200,1281,3793,1238,4.075,237900
-119.19,34.46,39,2056,381,939,371,6.6257,427600
-119.28,34.45,36,2376,541,1505,547,2.4595,197600
-119.29,34.45,26,2849,535,1383,532,2.6893,230800
-119.3,34.39,35,3079,579,1807,589,4.69,199300
-119.22,34.27,11,4695,955,2065,982,3.2158,223600
-119.21,34.26,31,224,88,326,88,2.375,55000
-119.21,34.26,26,2406,411,1313,391,4.9079,234100
-119.23,34.28,24,4260,691,1581,607,5.5048,303600
-119.22,34.28,24,2212,332,899,331,5.533,299700
-119.25,34.28,36,1530,341,703,317,3.5819,231900
-119.25,34.28,36,2232,373,951,368,5.2261,303200
-119.3,34.29,41,1445,410,1052,388,2.6333,170800
-119.29,34.28,38,2387,748,1537,741,2.3147,192500
-119.28,34.27,43,403,77,156,85,4.6667,384600
-119.17,34.2,40,1083,319,1843,349,2.3077,106900
-119.18,34.21,30,1096,231,741,229,3.8625,234700
-119.19,34.2,36,1293,312,1128,335,2.1542,253900
-119.18,34.21,46,2062,484,1522,469,3.087,213900
-119.18,34.19,5,384,131,410,149,1.5625,87500
-119.22,34.18,17,3332,762,1797,673,4.4292,231200
-119.17,34.17,25,1596,321,1378,308,4.0074,188000
-119.18,34.17,32,2388,467,1746,483,3.9331,187600
-119.22,34.15,32,3152,596,3490,526,2.725,450000
-119.2,34.18,22,6465,1397,2694,1370,2.9832,165600
-119.18,34.16,12,460,101,405,103,5.2783,167400
-119.18,34.16,27,1832,415,1480,414,3.9643,186000
-119.15,34.25,36,3511,664,2965,695,4.0878,186800
-118.96,34.3,16,3103,482,1567,467,6.907,500001
-119.06,34.24,21,7436,984,2982,988,7.6775,391200
-119.01,34.23,11,5785,1035,2760,985,4.693,232200
-118.94,34.24,5,10018,1233,4253,1120,8.9063,500001
-119.04,34.23,21,9807,1614,4199,1554,5.0145,246600
-119.06,34.23,29,3511,632,2591,596,3.0219,221700
-119.08,34.17,32,166,22,63,29,7.3004,125000
-118.85,34.14,24,1999,244,759,247,8.7657,366300
-118.83,34.14,16,1956,312,671,319,6.4001,321800
-118.88,34.22,16,2343,393,2007,383,5.756,302700
-118.86,34.19,26,3135,480,1474,458,6.1949,243500
-118.86,34.19,29,1326,185,586,187,6.5474,422900
-119,34.08,17,1822,438,578,291,5.4346,428600
-118.83,34.23,6,8803,1114,3385,1010,8.7288,425800
-118.8,34.21,16,1466,196,661,209,6.2893,282700
-118.79,34.26,17,1986,249,761,241,7.2137,401900
-118.78,34.25,13,1841,237,833,231,7.7785,404700
-118.89,34.28,30,917,157,678,171,5.8133,195700
-118.78,34.27,20,2743,685,1798,613,3.6761,170900
-118.79,34.27,27,1146,189,595,197,4.5833,198500
-118.75,34.27,24,3241,461,1567,446,5.5983,233300
-118.74,34.27,23,2493,522,1488,505,4.18,215000
-118.75,34.26,26,1767,265,1040,250,5.4787,198100
-118.74,34.26,27,3467,545,1798,493,4.8717,204100
-118.71,34.28,27,2911,562,1773,580,4.6528,186600
-118.68,34.27,26,1561,212,817,242,5.477,209100
-118.73,34.29,8,4983,754,2510,725,6.9454,276500
-121.54,38.58,30,4648,1252,2524,1089,1.3177,74300
-121.56,38.58,32,2070,561,2046,523,1.9426,82300
-121.53,38.58,35,1316,321,732,336,2.1213,79200
-121.54,38.54,36,1672,302,969,337,3.0536,73100
-121.73,38.56,30,3306,629,1623,648,2.8614,145200
-121.7,38.54,13,6819,1158,2828,1115,4.6225,226500
-121.75,38.55,33,2479,382,979,377,4.7308,236200
-121.75,38.55,26,4802,950,2199,939,3.7452,227700
-121.77,38.69,47,1697,318,775,276,3.4559,123100
-121.8,38.69,8,3544,691,2118,678,3.7477,122200
-121.71,38.72,32,710,155,550,154,2.8882,151400
-121.59,39.15,48,1783,399,938,374,1.6652,58900
-121.57,39.16,21,1872,302,870,301,3.725,84700
-121.56,39.16,12,3349,642,2029,619,2.9647,88800
-121.58,39.12,26,2796,629,2017,632,1.8355,61200
-121.59,39.1,24,1107,261,768,205,1.7167,48800
-121.55,39.06,25,1332,247,726,226,2.25,63400
-121.41,39.04,16,1698,300,731,291,3.0739,87200
-121.45,39.26,15,2319,416,1047,385,3.125,115600
-121.53,39.19,27,2080,412,1082,382,2.5495,98300
